Suite/Test/Step Name,Browser,Description,Tag,Start time,End time,Duration,Status
TS_Submit_Negative,Chrome 137.0.7151.70,,,12-06-2025 18:22:46,12-06-2025 18:26:38,3m - 52.753s,FAILED
,,,,,,,
Test Cases/Negative Case/TC_EmptyForm,Chrome 137.0.7151.70,,,12-06-2025 18:22:48,12-06-2025 18:23:31,42.698s,FAILED
"openBrowser("""")",Chrome 137.0.7151.70,,,12-06-2025 18:22:49,12-06-2025 18:23:05,15.245s,PASSED
"navigateToUrl(""https://demoqa.com/automation-practice-form"")",Chrome 137.0.7151.70,,,12-06-2025 18:23:05,12-06-2025 18:23:22,17.948s,PASSED
maximizeWindow(),Chrome 137.0.7151.70,,,12-06-2025 18:23:22,12-06-2025 18:23:23,0.690s,PASSED
"scrollToElement(findTestObject(""Object Repository/FormSubmit/button_Submit""), 6)",Chrome 137.0.7151.70,,,12-06-2025 18:23:23,12-06-2025 18:23:24,0.942s,PASSED
"click(findTestObject(""Object Repository/FormSubmit/button_Submit""))",Chrome 137.0.7151.70,,,12-06-2025 18:23:24,12-06-2025 18:23:26,1.487s,PASSED
"verifyElementPresent(findTestObject(""Object Repository/FormSubmit/modal_Success""), 3)",Chrome 137.0.7151.70,,,12-06-2025 18:23:26,12-06-2025 18:23:31,5.023s,FAILED
,,,,,,,
Test Cases/Negative Case/TC_InvalidEmail,Chrome 137.0.7151.70,,,12-06-2025 18:23:31,12-06-2025 18:24:22,51.483s,FAILED
"openBrowser("""")",Chrome 137.0.7151.70,,,12-06-2025 18:23:32,12-06-2025 18:23:37,5.863s,PASSED
"navigateToUrl(""https://demoqa.com/automation-practice-form"")",Chrome 137.0.7151.70,,,12-06-2025 18:23:37,12-06-2025 18:23:53,15.277s,PASSED
maximizeWindow(),Chrome 137.0.7151.70,,,12-06-2025 18:23:53,12-06-2025 18:23:53,0.788s,PASSED
"scrollToElement(findTestObject(""Object Repository/FormSubmit/Input_firstName""), 3)",Chrome 137.0.7151.70,,,12-06-2025 18:23:53,12-06-2025 18:23:56,2.402s,PASSED
"setText(findTestObject(""Object Repository/FormSubmit/Input_firstName""), ""John"")",Chrome 137.0.7151.70,,,12-06-2025 18:23:56,12-06-2025 18:23:57,1.373s,PASSED
"setText(findTestObject(""Object Repository/FormSubmit/Input_lastName""), ""Doe"")",Chrome 137.0.7151.70,,,12-06-2025 18:23:57,12-06-2025 18:23:58,0.803s,PASSED
"setText(findTestObject(""Object Repository/FormSubmit/Input_Email""), ""Johnjohn.com"")",Chrome 137.0.7151.70,,,12-06-2025 18:23:58,12-06-2025 18:23:59,1.117s,PASSED
"click(findTestObject(""Object Repository/FormSubmit/radio_Male""))",Chrome 137.0.7151.70,,,12-06-2025 18:23:59,12-06-2025 18:24:00,0.872s,PASSED
"setText(findTestObject(""Object Repository/FormSubmit/Input_Mobile""), ""0812345345"")",Chrome 137.0.7151.70,,,12-06-2025 18:24:00,12-06-2025 18:24:01,1.064s,PASSED
"click(findTestObject(""Object Repository/FormSubmit/Input_Birthday""))",Chrome 137.0.7151.70,,,12-06-2025 18:24:01,12-06-2025 18:24:02,0.885s,PASSED
"sendKeys(findTestObject(""Object Repository/FormSubmit/Input_Birthday""), Keys.chord(CONTROL, ""a""))",Chrome 137.0.7151.70,,,12-06-2025 18:24:02,12-06-2025 18:24:03,0.695s,PASSED
"sendKeys(findTestObject(""Object Repository/FormSubmit/Input_Birthday""), ""1998 January 20"" + ENTER)",Chrome 137.0.7151.70,,,12-06-2025 18:24:03,12-06-2025 18:24:03,0.766s,PASSED
"setText(findTestObject(""Object Repository/FormSubmit/Input_Subject""), ""English"")",Chrome 137.0.7151.70,,,12-06-2025 18:24:03,12-06-2025 18:24:05,1.149s,PASSED
"sendKeys(findTestObject(""Object Repository/FormSubmit/Input_Subject""), ""English"" + ENTER)",Chrome 137.0.7151.70,,,12-06-2025 18:24:05,12-06-2025 18:24:05,0.496s,PASSED
"click(findTestObject(""Object Repository/FormSubmit/Checkbox_Music""))",Chrome 137.0.7151.70,,,12-06-2025 18:24:05,12-06-2025 18:24:08,3.259s,PASSED
"filePath = ""C:\Users\ASUS\Downloads\day14.jpeg""",Chrome 137.0.7151.70,,,12-06-2025 18:24:08,12-06-2025 18:24:08,0.005s,PASSED
"uploadFile(findTestObject(""Object Repository/FormSubmit/Input_UploadPicture""), filePath)",Chrome 137.0.7151.70,,,12-06-2025 18:24:08,12-06-2025 18:24:09,0.483s,PASSED
"setText(findTestObject(""Object Repository/FormSubmit/Textarea_Address""), ""Jl.Mawar Sari No 20"")",Chrome 137.0.7151.70,,,12-06-2025 18:24:09,12-06-2025 18:24:10,0.993s,PASSED
"scrollToElement(findTestObject(""Object Repository/FormSubmit/dropdown_State""), 2)",Chrome 137.0.7151.70,,,12-06-2025 18:24:10,12-06-2025 18:24:10,0.407s,PASSED
"click(findTestObject(""Object Repository/FormSubmit/dropdown_State""))",Chrome 137.0.7151.70,,,12-06-2025 18:24:10,12-06-2025 18:24:11,0.494s,PASSED
"click(findTestObject(""Object Repository/FormSubmit/Options_Haryana""))",Chrome 137.0.7151.70,,,12-06-2025 18:24:11,12-06-2025 18:24:11,0.681s,PASSED
"click(findTestObject(""Object Repository/FormSubmit/dropdown_City""))",Chrome 137.0.7151.70,,,12-06-2025 18:24:11,12-06-2025 18:24:12,0.682s,PASSED
"click(findTestObject(""Object Repository/FormSubmit/Options_Panipat""))",Chrome 137.0.7151.70,,,12-06-2025 18:24:12,12-06-2025 18:24:13,0.551s,PASSED
"click(findTestObject(""Object Repository/FormSubmit/button_Submit""))",Chrome 137.0.7151.70,,,12-06-2025 18:24:13,12-06-2025 18:24:15,2.289s,PASSED
"verifyElementPresent(findTestObject(""Object Repository/FormSubmit/modal_Success""), 5)",Chrome 137.0.7151.70,,,12-06-2025 18:24:15,12-06-2025 18:24:22,7.172s,FAILED
,,,,,,,
Test Cases/Negative Case/TC_InvalidMobile,Chrome 137.0.7151.70,,,12-06-2025 18:24:22,12-06-2025 18:25:13,50.539s,FAILED
"openBrowser("""")",Chrome 137.0.7151.70,,,12-06-2025 18:24:23,12-06-2025 18:24:28,5.283s,PASSED
"navigateToUrl(""https://demoqa.com/automation-practice-form"")",Chrome 137.0.7151.70,,,12-06-2025 18:24:28,12-06-2025 18:24:49,21.318s,PASSED
maximizeWindow(),Chrome 137.0.7151.70,,,12-06-2025 18:24:49,12-06-2025 18:24:49,0.337s,PASSED
"scrollToElement(findTestObject(""Object Repository/FormSubmit/Input_firstName""), 3)",Chrome 137.0.7151.70,,,12-06-2025 18:24:49,12-06-2025 18:24:51,1.220s,PASSED
"setText(findTestObject(""Object Repository/FormSubmit/Input_firstName""), ""John"")",Chrome 137.0.7151.70,,,12-06-2025 18:24:51,12-06-2025 18:24:54,3.020s,PASSED
"setText(findTestObject(""Object Repository/FormSubmit/Input_lastName""), ""Doe"")",Chrome 137.0.7151.70,,,12-06-2025 18:24:54,12-06-2025 18:24:55,1.239s,PASSED
"setText(findTestObject(""Object Repository/FormSubmit/Input_Email""), ""John@gmail.com"")",Chrome 137.0.7151.70,,,12-06-2025 18:24:55,12-06-2025 18:24:56,1.289s,PASSED
"click(findTestObject(""Object Repository/FormSubmit/radio_Male""))",Chrome 137.0.7151.70,,,12-06-2025 18:24:56,12-06-2025 18:24:57,0.547s,PASSED
"setText(findTestObject(""Object Repository/FormSubmit/Input_Mobile""), ""0111"")",Chrome 137.0.7151.70,,,12-06-2025 18:24:57,12-06-2025 18:24:58,1.287s,PASSED
"click(findTestObject(""Object Repository/FormSubmit/Input_Birthday""))",Chrome 137.0.7151.70,,,12-06-2025 18:24:58,12-06-2025 18:24:59,0.492s,PASSED
"sendKeys(findTestObject(""Object Repository/FormSubmit/Input_Birthday""), Keys.chord(CONTROL, ""a""))",Chrome 137.0.7151.70,,,12-06-2025 18:24:59,12-06-2025 18:24:59,0.495s,PASSED
"sendKeys(findTestObject(""Object Repository/FormSubmit/Input_Birthday""), ""1998 January 20"" + ENTER)",Chrome 137.0.7151.70,,,12-06-2025 18:24:59,12-06-2025 18:25:00,0.561s,PASSED
"setText(findTestObject(""Object Repository/FormSubmit/Input_Subject""), ""English"")",Chrome 137.0.7151.70,,,12-06-2025 18:25:00,12-06-2025 18:25:00,0.755s,PASSED
"sendKeys(findTestObject(""Object Repository/FormSubmit/Input_Subject""), ""English"" + ENTER)",Chrome 137.0.7151.70,,,12-06-2025 18:25:00,12-06-2025 18:25:01,0.616s,PASSED
"click(findTestObject(""Object Repository/FormSubmit/Checkbox_Music""))",Chrome 137.0.7151.70,,,12-06-2025 18:25:01,12-06-2025 18:25:02,0.502s,PASSED
"filePath = ""C:\Users\ASUS\Downloads\day14.jpeg""",Chrome 137.0.7151.70,,,12-06-2025 18:25:02,12-06-2025 18:25:02,0.002s,PASSED
"uploadFile(findTestObject(""Object Repository/FormSubmit/Input_UploadPicture""), filePath)",Chrome 137.0.7151.70,,,12-06-2025 18:25:02,12-06-2025 18:25:02,0.310s,PASSED
"setText(findTestObject(""Object Repository/FormSubmit/Textarea_Address""), ""Jl.Mawar Sari No 20"")",Chrome 137.0.7151.70,,,12-06-2025 18:25:02,12-06-2025 18:25:03,0.674s,PASSED
"scrollToElement(findTestObject(""Object Repository/FormSubmit/dropdown_State""), 2)",Chrome 137.0.7151.70,,,12-06-2025 18:25:03,12-06-2025 18:25:03,0.309s,PASSED
"click(findTestObject(""Object Repository/FormSubmit/dropdown_State""))",Chrome 137.0.7151.70,,,12-06-2025 18:25:03,12-06-2025 18:25:03,0.386s,PASSED
"click(findTestObject(""Object Repository/FormSubmit/Options_Haryana""))",Chrome 137.0.7151.70,,,12-06-2025 18:25:03,12-06-2025 18:25:04,0.616s,PASSED
"click(findTestObject(""Object Repository/FormSubmit/dropdown_City""))",Chrome 137.0.7151.70,,,12-06-2025 18:25:04,12-06-2025 18:25:04,0.634s,PASSED
"click(findTestObject(""Object Repository/FormSubmit/Options_Panipat""))",Chrome 137.0.7151.70,,,12-06-2025 18:25:04,12-06-2025 18:25:05,0.692s,PASSED
"click(findTestObject(""Object Repository/FormSubmit/button_Submit""))",Chrome 137.0.7151.70,,,12-06-2025 18:25:05,12-06-2025 18:25:06,0.646s,PASSED
"verifyElementPresent(findTestObject(""Object Repository/FormSubmit/modal_Success""), 5)",Chrome 137.0.7151.70,,,12-06-2025 18:25:06,12-06-2025 18:25:13,6.892s,FAILED
,,,,,,,
Test Cases/Negative Case/TC_CloseButton_NotWork_Bug,Chrome 137.0.7151.70,,,12-06-2025 18:25:13,12-06-2025 18:26:01,48.572s,FAILED
"openBrowser("""")",Chrome 137.0.7151.70,,,12-06-2025 18:25:14,12-06-2025 18:25:19,5.344s,PASSED
"navigateToUrl(""https://demoqa.com/automation-practice-form"")",Chrome 137.0.7151.70,,,12-06-2025 18:25:19,12-06-2025 18:25:35,15.877s,PASSED
maximizeWindow(),Chrome 137.0.7151.70,,,12-06-2025 18:25:35,12-06-2025 18:25:36,0.514s,PASSED
"scrollToElement(findTestObject(""Object Repository/FormSubmit/Input_firstName""), 3)",Chrome 137.0.7151.70,,,12-06-2025 18:25:36,12-06-2025 18:25:43,7.727s,PASSED
"setText(findTestObject(""Object Repository/FormSubmit/Input_firstName""), ""John"")",Chrome 137.0.7151.70,,,12-06-2025 18:25:43,12-06-2025 18:25:45,1.539s,PASSED
"setText(findTestObject(""Object Repository/FormSubmit/Input_lastName""), ""Doe"")",Chrome 137.0.7151.70,,,12-06-2025 18:25:45,12-06-2025 18:25:46,0.665s,PASSED
"setText(findTestObject(""Object Repository/FormSubmit/Input_Email""), ""John@gmail.com"")",Chrome 137.0.7151.70,,,12-06-2025 18:25:46,12-06-2025 18:25:48,2.332s,PASSED
"click(findTestObject(""Object Repository/FormSubmit/radio_Male""))",Chrome 137.0.7151.70,,,12-06-2025 18:25:48,12-06-2025 18:25:48,0.358s,PASSED
"setText(findTestObject(""Object Repository/FormSubmit/Input_Mobile""), ""0812345345"")",Chrome 137.0.7151.70,,,12-06-2025 18:25:48,12-06-2025 18:25:50,1.989s,PASSED
"click(findTestObject(""Object Repository/FormSubmit/Input_Birthday""))",Chrome 137.0.7151.70,,,12-06-2025 18:25:50,12-06-2025 18:25:51,0.573s,PASSED
"sendKeys(findTestObject(""Object Repository/FormSubmit/Input_Birthday""), Keys.chord(CONTROL, ""a""))",Chrome 137.0.7151.70,,,12-06-2025 18:25:51,12-06-2025 18:25:52,1.156s,PASSED
"sendKeys(findTestObject(""Object Repository/FormSubmit/Input_Birthday""), ""1998 January 20"" + ENTER)",Chrome 137.0.7151.70,,,12-06-2025 18:25:52,12-06-2025 18:25:53,0.731s,PASSED
"setText(findTestObject(""Object Repository/FormSubmit/Input_Subject""), ""English"")",Chrome 137.0.7151.70,,,12-06-2025 18:25:53,12-06-2025 18:25:55,1.825s,PASSED
"sendKeys(findTestObject(""Object Repository/FormSubmit/Input_Subject""), ""English"" + ENTER)",Chrome 137.0.7151.70,,,12-06-2025 18:25:55,12-06-2025 18:25:55,0.553s,PASSED
"click(findTestObject(""Object Repository/FormSubmit/Checkbox_Music""))",Chrome 137.0.7151.70,,,12-06-2025 18:25:55,12-06-2025 18:25:56,0.605s,PASSED
"filePath = ""C:\Users\ASUS\Downloads\day14.jpeg""",Chrome 137.0.7151.70,,,12-06-2025 18:25:56,12-06-2025 18:25:56,0.001s,PASSED
"uploadFile(findTestObject(""Object Repository/FormSubmit/Input_UploadPicture""), filePath)",Chrome 137.0.7151.70,,,12-06-2025 18:25:56,12-06-2025 18:25:56,0.402s,PASSED
"setText(findTestObject(""Object Repository/FormSubmit/Textarea_Address""), ""Jl.Mawar Sari No 20"")",Chrome 137.0.7151.70,,,12-06-2025 18:25:56,12-06-2025 18:25:57,0.714s,PASSED
"scrollToElement(findTestObject(""Object Repository/FormSubmit/dropdown_State""), 2)",Chrome 137.0.7151.70,,,12-06-2025 18:25:57,12-06-2025 18:25:57,0.294s,PASSED
"click(findTestObject(""Object Repository/FormSubmit/dropdown_State""))",Chrome 137.0.7151.70,,,12-06-2025 18:25:57,12-06-2025 18:25:58,0.473s,PASSED
"click(findTestObject(""Object Repository/FormSubmit/Options_Haryana""))",Chrome 137.0.7151.70,,,12-06-2025 18:25:58,12-06-2025 18:25:58,0.650s,PASSED
"click(findTestObject(""Object Repository/FormSubmit/dropdown_City""))",Chrome 137.0.7151.70,,,12-06-2025 18:25:58,12-06-2025 18:25:59,0.597s,PASSED
"click(findTestObject(""Object Repository/FormSubmit/Options_Panipat""))",Chrome 137.0.7151.70,,,12-06-2025 18:25:59,12-06-2025 18:26:00,0.614s,PASSED
"click(findTestObject(""Object Repository/FormSubmit/button_Submit""))",Chrome 137.0.7151.70,,,12-06-2025 18:26:00,12-06-2025 18:26:00,0.663s,PASSED
"verifyElementPresent(findTestObject(""Object Repository/FormSubmit/modal_Success""), 5)",Chrome 137.0.7151.70,,,12-06-2025 18:26:00,12-06-2025 18:26:01,0.417s,PASSED
"click(findTestObject(""Object Repository/FormSubmit/button_Close""))",Chrome 137.0.7151.70,,,12-06-2025 18:26:01,12-06-2025 18:26:01,0.612s,FAILED
,,,,,,,
Test Cases/Negative Case/TC_SystemAcceptsInvalidYear_(BUG),Chrome 137.0.7151.70,,,12-06-2025 18:26:01,12-06-2025 18:26:38,36.868s,PASSED
"openBrowser("""")",Chrome 137.0.7151.70,,,12-06-2025 18:26:02,12-06-2025 18:26:07,5.023s,PASSED
"navigateToUrl(""https://demoqa.com/automation-practice-form"")",Chrome 137.0.7151.70,,,12-06-2025 18:26:07,12-06-2025 18:26:24,17.220s,PASSED
maximizeWindow(),Chrome 137.0.7151.70,,,12-06-2025 18:26:24,12-06-2025 18:26:24,0.456s,PASSED
"scrollToElement(findTestObject(""Object Repository/FormSubmit/Input_firstName""), 3)",Chrome 137.0.7151.70,,,12-06-2025 18:26:24,12-06-2025 18:26:26,1.465s,PASSED
"setText(findTestObject(""Object Repository/FormSubmit/Input_firstName""), ""John"")",Chrome 137.0.7151.70,,,12-06-2025 18:26:26,12-06-2025 18:26:27,0.871s,PASSED
"setText(findTestObject(""Object Repository/FormSubmit/Input_lastName""), ""Doe"")",Chrome 137.0.7151.70,,,12-06-2025 18:26:27,12-06-2025 18:26:27,0.715s,PASSED
"setText(findTestObject(""Object Repository/FormSubmit/Input_Email""), ""John@gmail.com"")",Chrome 137.0.7151.70,,,12-06-2025 18:26:27,12-06-2025 18:26:28,0.746s,PASSED
"click(findTestObject(""Object Repository/FormSubmit/radio_Male""))",Chrome 137.0.7151.70,,,12-06-2025 18:26:28,12-06-2025 18:26:28,0.434s,PASSED
"setText(findTestObject(""Object Repository/FormSubmit/Input_Mobile""), ""0812345345"")",Chrome 137.0.7151.70,,,12-06-2025 18:26:28,12-06-2025 18:26:29,0.662s,PASSED
"click(findTestObject(""Object Repository/FormSubmit/Input_Birthday""))",Chrome 137.0.7151.70,,,12-06-2025 18:26:29,12-06-2025 18:26:30,0.678s,PASSED
"sendKeys(findTestObject(""Object Repository/FormSubmit/Input_Birthday""), Keys.chord(CONTROL, ""a""))",Chrome 137.0.7151.70,,,12-06-2025 18:26:30,12-06-2025 18:26:30,0.352s,PASSED
"sendKeys(findTestObject(""Object Repository/FormSubmit/Input_Birthday""), ""2050 January 20"" + ENTER)",Chrome 137.0.7151.70,,,12-06-2025 18:26:30,12-06-2025 18:26:31,0.552s,PASSED
"setText(findTestObject(""Object Repository/FormSubmit/Input_Subject""), ""English"")",Chrome 137.0.7151.70,,,12-06-2025 18:26:31,12-06-2025 18:26:31,0.691s,PASSED
"sendKeys(findTestObject(""Object Repository/FormSubmit/Input_Subject""), ""English"" + ENTER)",Chrome 137.0.7151.70,,,12-06-2025 18:26:31,12-06-2025 18:26:32,0.623s,PASSED
"click(findTestObject(""Object Repository/FormSubmit/Checkbox_Music""))",Chrome 137.0.7151.70,,,12-06-2025 18:26:32,12-06-2025 18:26:33,0.583s,PASSED
"filePath = ""C:\Users\ASUS\Downloads\day14.jpeg""",Chrome 137.0.7151.70,,,12-06-2025 18:26:33,12-06-2025 18:26:33,0.005s,PASSED
"uploadFile(findTestObject(""Object Repository/FormSubmit/Input_UploadPicture""), filePath)",Chrome 137.0.7151.70,,,12-06-2025 18:26:33,12-06-2025 18:26:33,0.322s,PASSED
"setText(findTestObject(""Object Repository/FormSubmit/Textarea_Address""), ""Jl.Mawar Sari No 20"")",Chrome 137.0.7151.70,,,12-06-2025 18:26:33,12-06-2025 18:26:34,0.664s,PASSED
"scrollToElement(findTestObject(""Object Repository/FormSubmit/dropdown_State""), 2)",Chrome 137.0.7151.70,,,12-06-2025 18:26:34,12-06-2025 18:26:34,0.277s,PASSED
"click(findTestObject(""Object Repository/FormSubmit/dropdown_State""))",Chrome 137.0.7151.70,,,12-06-2025 18:26:34,12-06-2025 18:26:34,0.460s,PASSED
"click(findTestObject(""Object Repository/FormSubmit/Options_Haryana""))",Chrome 137.0.7151.70,,,12-06-2025 18:26:34,12-06-2025 18:26:35,0.606s,PASSED
"click(findTestObject(""Object Repository/FormSubmit/dropdown_City""))",Chrome 137.0.7151.70,,,12-06-2025 18:26:35,12-06-2025 18:26:36,0.573s,PASSED
"click(findTestObject(""Object Repository/FormSubmit/Options_Panipat""))",Chrome 137.0.7151.70,,,12-06-2025 18:26:36,12-06-2025 18:26:36,0.578s,PASSED
"click(findTestObject(""Object Repository/FormSubmit/button_Submit""))",Chrome 137.0.7151.70,,,12-06-2025 18:26:36,12-06-2025 18:26:37,0.602s,PASSED
"verifyElementPresent(findTestObject(""Object Repository/FormSubmit/modal_Success""), 5)",Chrome 137.0.7151.70,,,12-06-2025 18:26:37,12-06-2025 18:26:37,0.493s,PASSED
closeBrowser(),Chrome 137.0.7151.70,,,12-06-2025 18:26:37,12-06-2025 18:26:38,0.941s,PASSED
