Suite/Test/Step Name,Browser,Description,Tag,Start time,End time,Duration,Status
TS_Submit_Negative,Chrome 137.0.7151.70,,,12-06-2025 18:07:41,12-06-2025 18:11:26,3m - 44.600s,FAILED
,,,,,,,
Test Cases/Negative Case/TC_EmptyForm,Chrome 137.0.7151.70,,,12-06-2025 18:07:44,12-06-2025 18:08:32,47.678s,FAILED
"openBrowser("""")",Chrome 137.0.7151.70,,,12-06-2025 18:07:47,12-06-2025 18:08:01,13.854s,PASSED
"navigateToUrl(""https://demoqa.com/automation-practice-form"")",Chrome 137.0.7151.70,,,12-06-2025 18:08:01,12-06-2025 18:08:23,21.798s,PASSED
maximizeWindow(),Chrome 137.0.7151.70,,,12-06-2025 18:08:23,12-06-2025 18:08:23,0.525s,PASSED
"scrollToElement(findTestObject(""Object Repository/FormSubmit/button_Submit""), 6)",Chrome 137.0.7151.70,,,12-06-2025 18:08:23,12-06-2025 18:08:26,2.832s,PASSED
"click(findTestObject(""Object Repository/FormSubmit/button_Submit""))",Chrome 137.0.7151.70,,,12-06-2025 18:08:26,12-06-2025 18:08:27,0.692s,PASSED
"verifyElementPresent(findTestObject(""Object Repository/FormSubmit/modal_Success""), 3)",Chrome 137.0.7151.70,,,12-06-2025 18:08:27,12-06-2025 18:08:32,4.996s,FAILED
,,,,,,,
Test Cases/Negative Case/TC_InvalidEmail,Chrome 137.0.7151.70,,,12-06-2025 18:08:32,12-06-2025 18:09:20,48.390s,FAILED
"openBrowser("""")",Chrome 137.0.7151.70,,,12-06-2025 18:08:32,12-06-2025 18:08:41,8.440s,PASSED
"navigateToUrl(""https://demoqa.com/automation-practice-form"")",Chrome 137.0.7151.70,,,12-06-2025 18:08:41,12-06-2025 18:08:57,16.200s,PASSED
maximizeWindow(),Chrome 137.0.7151.70,,,12-06-2025 18:08:57,12-06-2025 18:08:57,0.386s,PASSED
"scrollToElement(findTestObject(""Object Repository/FormSubmit/Input_firstName""), 3)",Chrome 137.0.7151.70,,,12-06-2025 18:08:57,12-06-2025 18:08:59,2.106s,PASSED
"setText(findTestObject(""Object Repository/FormSubmit/Input_firstName""), ""John"")",Chrome 137.0.7151.70,,,12-06-2025 18:08:59,12-06-2025 18:09:01,1.323s,PASSED
"setText(findTestObject(""Object Repository/FormSubmit/Input_lastName""), ""Doe"")",Chrome 137.0.7151.70,,,12-06-2025 18:09:01,12-06-2025 18:09:02,0.828s,PASSED
"setText(findTestObject(""Object Repository/FormSubmit/Input_Email""), ""Johnjohn.com"")",Chrome 137.0.7151.70,,,12-06-2025 18:09:02,12-06-2025 18:09:03,0.947s,PASSED
"click(findTestObject(""Object Repository/FormSubmit/radio_Male""))",Chrome 137.0.7151.70,,,12-06-2025 18:09:03,12-06-2025 18:09:03,0.629s,PASSED
"setText(findTestObject(""Object Repository/FormSubmit/Input_Mobile""), ""0812345345"")",Chrome 137.0.7151.70,,,12-06-2025 18:09:03,12-06-2025 18:09:04,0.727s,PASSED
"click(findTestObject(""Object Repository/FormSubmit/Input_Birthday""))",Chrome 137.0.7151.70,,,12-06-2025 18:09:04,12-06-2025 18:09:04,0.505s,PASSED
"sendKeys(findTestObject(""Object Repository/FormSubmit/Input_Birthday""), Keys.chord(CONTROL, ""a""))",Chrome 137.0.7151.70,,,12-06-2025 18:09:04,12-06-2025 18:09:05,0.462s,PASSED
"sendKeys(findTestObject(""Object Repository/FormSubmit/Input_Birthday""), ""1998 January 20"" + ENTER)",Chrome 137.0.7151.70,,,12-06-2025 18:09:05,12-06-2025 18:09:06,0.596s,PASSED
"setText(findTestObject(""Object Repository/FormSubmit/Input_Subject""), ""English"")",Chrome 137.0.7151.70,,,12-06-2025 18:09:06,12-06-2025 18:09:06,0.862s,PASSED
"sendKeys(findTestObject(""Object Repository/FormSubmit/Input_Subject""), ""English"" + ENTER)",Chrome 137.0.7151.70,,,12-06-2025 18:09:06,12-06-2025 18:09:07,0.608s,PASSED
"click(findTestObject(""Object Repository/FormSubmit/Checkbox_Music""))",Chrome 137.0.7151.70,,,12-06-2025 18:09:07,12-06-2025 18:09:08,0.600s,PASSED
"filePath = ""C:\Users\ASUS\Downloads\day14.jpeg""",Chrome 137.0.7151.70,,,12-06-2025 18:09:08,12-06-2025 18:09:08,0.003s,PASSED
"uploadFile(findTestObject(""Object Repository/FormSubmit/Input_UploadPicture""), filePath)",Chrome 137.0.7151.70,,,12-06-2025 18:09:08,12-06-2025 18:09:08,0.371s,PASSED
"setText(findTestObject(""Object Repository/FormSubmit/Textarea_Address""), ""Jl.Mawar Sari No 20"")",Chrome 137.0.7151.70,,,12-06-2025 18:09:08,12-06-2025 18:09:09,0.788s,PASSED
"scrollToElement(findTestObject(""Object Repository/FormSubmit/dropdown_State""), 2)",Chrome 137.0.7151.70,,,12-06-2025 18:09:09,12-06-2025 18:09:09,0.293s,PASSED
"click(findTestObject(""Object Repository/FormSubmit/dropdown_State""))",Chrome 137.0.7151.70,,,12-06-2025 18:09:09,12-06-2025 18:09:09,0.434s,PASSED
"click(findTestObject(""Object Repository/FormSubmit/Options_Haryana""))",Chrome 137.0.7151.70,,,12-06-2025 18:09:09,12-06-2025 18:09:10,0.593s,PASSED
"click(findTestObject(""Object Repository/FormSubmit/dropdown_City""))",Chrome 137.0.7151.70,,,12-06-2025 18:09:10,12-06-2025 18:09:11,0.621s,PASSED
"click(findTestObject(""Object Repository/FormSubmit/Options_Panipat""))",Chrome 137.0.7151.70,,,12-06-2025 18:09:11,12-06-2025 18:09:11,0.650s,PASSED
"click(findTestObject(""Object Repository/FormSubmit/button_Submit""))",Chrome 137.0.7151.70,,,12-06-2025 18:09:11,12-06-2025 18:09:12,0.541s,PASSED
"verifyElementPresent(findTestObject(""Object Repository/FormSubmit/modal_Success""), 5)",Chrome 137.0.7151.70,,,12-06-2025 18:09:12,12-06-2025 18:09:20,8.019s,FAILED
,,,,,,,
Test Cases/Negative Case/TC_InvalidMobile,Chrome 137.0.7151.70,,,12-06-2025 18:09:20,12-06-2025 18:10:09,48.389s,FAILED
"openBrowser("""")",Chrome 137.0.7151.70,,,12-06-2025 18:09:21,12-06-2025 18:09:28,7.748s,PASSED
"navigateToUrl(""https://demoqa.com/automation-practice-form"")",Chrome 137.0.7151.70,,,12-06-2025 18:09:28,12-06-2025 18:09:48,20.011s,PASSED
maximizeWindow(),Chrome 137.0.7151.70,,,12-06-2025 18:09:48,12-06-2025 18:09:49,0.194s,PASSED
"scrollToElement(findTestObject(""Object Repository/FormSubmit/Input_firstName""), 3)",Chrome 137.0.7151.70,,,12-06-2025 18:09:49,12-06-2025 18:09:50,1.121s,PASSED
"setText(findTestObject(""Object Repository/FormSubmit/Input_firstName""), ""John"")",Chrome 137.0.7151.70,,,12-06-2025 18:09:50,12-06-2025 18:09:51,0.877s,PASSED
"setText(findTestObject(""Object Repository/FormSubmit/Input_lastName""), ""Doe"")",Chrome 137.0.7151.70,,,12-06-2025 18:09:51,12-06-2025 18:09:51,0.735s,PASSED
"setText(findTestObject(""Object Repository/FormSubmit/Input_Email""), ""John@gmail.com"")",Chrome 137.0.7151.70,,,12-06-2025 18:09:51,12-06-2025 18:09:52,0.714s,PASSED
"click(findTestObject(""Object Repository/FormSubmit/radio_Male""))",Chrome 137.0.7151.70,,,12-06-2025 18:09:52,12-06-2025 18:09:52,0.387s,PASSED
"setText(findTestObject(""Object Repository/FormSubmit/Input_Mobile""), ""0111"")",Chrome 137.0.7151.70,,,12-06-2025 18:09:52,12-06-2025 18:09:53,0.814s,PASSED
"click(findTestObject(""Object Repository/FormSubmit/Input_Birthday""))",Chrome 137.0.7151.70,,,12-06-2025 18:09:53,12-06-2025 18:09:54,0.469s,PASSED
"sendKeys(findTestObject(""Object Repository/FormSubmit/Input_Birthday""), Keys.chord(CONTROL, ""a""))",Chrome 137.0.7151.70,,,12-06-2025 18:09:54,12-06-2025 18:09:54,0.471s,PASSED
"sendKeys(findTestObject(""Object Repository/FormSubmit/Input_Birthday""), ""1998 January 20"" + ENTER)",Chrome 137.0.7151.70,,,12-06-2025 18:09:54,12-06-2025 18:09:55,0.555s,PASSED
"setText(findTestObject(""Object Repository/FormSubmit/Input_Subject""), ""English"")",Chrome 137.0.7151.70,,,12-06-2025 18:09:55,12-06-2025 18:09:56,0.870s,PASSED
"sendKeys(findTestObject(""Object Repository/FormSubmit/Input_Subject""), ""English"" + ENTER)",Chrome 137.0.7151.70,,,12-06-2025 18:09:56,12-06-2025 18:09:56,0.602s,PASSED
"click(findTestObject(""Object Repository/FormSubmit/Checkbox_Music""))",Chrome 137.0.7151.70,,,12-06-2025 18:09:56,12-06-2025 18:09:57,0.628s,PASSED
"filePath = ""C:\Users\ASUS\Downloads\day14.jpeg""",Chrome 137.0.7151.70,,,12-06-2025 18:09:57,12-06-2025 18:09:57,0.003s,PASSED
"uploadFile(findTestObject(""Object Repository/FormSubmit/Input_UploadPicture""), filePath)",Chrome 137.0.7151.70,,,12-06-2025 18:09:57,12-06-2025 18:09:57,0.345s,PASSED
"setText(findTestObject(""Object Repository/FormSubmit/Textarea_Address""), ""Jl.Mawar Sari No 20"")",Chrome 137.0.7151.70,,,12-06-2025 18:09:57,12-06-2025 18:09:58,0.737s,PASSED
"scrollToElement(findTestObject(""Object Repository/FormSubmit/dropdown_State""), 2)",Chrome 137.0.7151.70,,,12-06-2025 18:09:58,12-06-2025 18:09:58,0.307s,PASSED
"click(findTestObject(""Object Repository/FormSubmit/dropdown_State""))",Chrome 137.0.7151.70,,,12-06-2025 18:09:58,12-06-2025 18:09:59,0.412s,PASSED
"click(findTestObject(""Object Repository/FormSubmit/Options_Haryana""))",Chrome 137.0.7151.70,,,12-06-2025 18:09:59,12-06-2025 18:09:59,0.597s,PASSED
"click(findTestObject(""Object Repository/FormSubmit/dropdown_City""))",Chrome 137.0.7151.70,,,12-06-2025 18:09:59,12-06-2025 18:10:00,0.681s,PASSED
"click(findTestObject(""Object Repository/FormSubmit/Options_Panipat""))",Chrome 137.0.7151.70,,,12-06-2025 18:10:00,12-06-2025 18:10:00,0.511s,PASSED
"click(findTestObject(""Object Repository/FormSubmit/button_Submit""))",Chrome 137.0.7151.70,,,12-06-2025 18:10:00,12-06-2025 18:10:01,0.637s,PASSED
"verifyElementPresent(findTestObject(""Object Repository/FormSubmit/modal_Success""), 5)",Chrome 137.0.7151.70,,,12-06-2025 18:10:01,12-06-2025 18:10:08,7.182s,FAILED
,,,,,,,
Test Cases/Negative Case/TC_CloseButton_NotWork_Bug,Chrome 137.0.7151.70,,,12-06-2025 18:10:09,12-06-2025 18:10:43,34.368s,FAILED
"openBrowser("""")",Chrome 137.0.7151.70,,,12-06-2025 18:10:09,12-06-2025 18:10:14,4.744s,PASSED
"navigateToUrl(""https://demoqa.com/automation-practice-form"")",Chrome 137.0.7151.70,,,12-06-2025 18:10:14,12-06-2025 18:10:28,13.734s,PASSED
maximizeWindow(),Chrome 137.0.7151.70,,,12-06-2025 18:10:28,12-06-2025 18:10:28,0.200s,PASSED
"scrollToElement(findTestObject(""Object Repository/FormSubmit/Input_firstName""), 3)",Chrome 137.0.7151.70,,,12-06-2025 18:10:28,12-06-2025 18:10:29,1.430s,PASSED
"setText(findTestObject(""Object Repository/FormSubmit/Input_firstName""), ""John"")",Chrome 137.0.7151.70,,,12-06-2025 18:10:29,12-06-2025 18:10:30,0.822s,PASSED
"setText(findTestObject(""Object Repository/FormSubmit/Input_lastName""), ""Doe"")",Chrome 137.0.7151.70,,,12-06-2025 18:10:30,12-06-2025 18:10:31,0.733s,PASSED
"setText(findTestObject(""Object Repository/FormSubmit/Input_Email""), ""John@gmail.com"")",Chrome 137.0.7151.70,,,12-06-2025 18:10:31,12-06-2025 18:10:31,0.674s,PASSED
"click(findTestObject(""Object Repository/FormSubmit/radio_Male""))",Chrome 137.0.7151.70,,,12-06-2025 18:10:31,12-06-2025 18:10:32,0.435s,PASSED
"setText(findTestObject(""Object Repository/FormSubmit/Input_Mobile""), ""0812345345"")",Chrome 137.0.7151.70,,,12-06-2025 18:10:32,12-06-2025 18:10:33,0.686s,PASSED
"click(findTestObject(""Object Repository/FormSubmit/Input_Birthday""))",Chrome 137.0.7151.70,,,12-06-2025 18:10:33,12-06-2025 18:10:33,0.837s,PASSED
"sendKeys(findTestObject(""Object Repository/FormSubmit/Input_Birthday""), Keys.chord(CONTROL, ""a""))",Chrome 137.0.7151.70,,,12-06-2025 18:10:33,12-06-2025 18:10:34,0.362s,PASSED
"sendKeys(findTestObject(""Object Repository/FormSubmit/Input_Birthday""), ""1998 January 20"" + ENTER)",Chrome 137.0.7151.70,,,12-06-2025 18:10:34,12-06-2025 18:10:34,0.537s,PASSED
"setText(findTestObject(""Object Repository/FormSubmit/Input_Subject""), ""English"")",Chrome 137.0.7151.70,,,12-06-2025 18:10:34,12-06-2025 18:10:35,0.810s,PASSED
"sendKeys(findTestObject(""Object Repository/FormSubmit/Input_Subject""), ""English"" + ENTER)",Chrome 137.0.7151.70,,,12-06-2025 18:10:35,12-06-2025 18:10:36,0.658s,PASSED
"click(findTestObject(""Object Repository/FormSubmit/Checkbox_Music""))",Chrome 137.0.7151.70,,,12-06-2025 18:10:36,12-06-2025 18:10:36,0.672s,PASSED
"filePath = ""C:\Users\ASUS\Downloads\day14.jpeg""",Chrome 137.0.7151.70,,,12-06-2025 18:10:36,12-06-2025 18:10:36,0.003s,PASSED
"uploadFile(findTestObject(""Object Repository/FormSubmit/Input_UploadPicture""), filePath)",Chrome 137.0.7151.70,,,12-06-2025 18:10:36,12-06-2025 18:10:37,0.367s,PASSED
"setText(findTestObject(""Object Repository/FormSubmit/Textarea_Address""), ""Jl.Mawar Sari No 20"")",Chrome 137.0.7151.70,,,12-06-2025 18:10:37,12-06-2025 18:10:38,0.728s,PASSED
"scrollToElement(findTestObject(""Object Repository/FormSubmit/dropdown_State""), 2)",Chrome 137.0.7151.70,,,12-06-2025 18:10:38,12-06-2025 18:10:38,0.320s,PASSED
"click(findTestObject(""Object Repository/FormSubmit/dropdown_State""))",Chrome 137.0.7151.70,,,12-06-2025 18:10:38,12-06-2025 18:10:39,0.810s,PASSED
"click(findTestObject(""Object Repository/FormSubmit/Options_Haryana""))",Chrome 137.0.7151.70,,,12-06-2025 18:10:39,12-06-2025 18:10:39,0.517s,PASSED
"click(findTestObject(""Object Repository/FormSubmit/dropdown_City""))",Chrome 137.0.7151.70,,,12-06-2025 18:10:39,12-06-2025 18:10:40,0.616s,PASSED
"click(findTestObject(""Object Repository/FormSubmit/Options_Panipat""))",Chrome 137.0.7151.70,,,12-06-2025 18:10:40,12-06-2025 18:10:40,0.549s,PASSED
"click(findTestObject(""Object Repository/FormSubmit/button_Submit""))",Chrome 137.0.7151.70,,,12-06-2025 18:10:40,12-06-2025 18:10:41,0.767s,PASSED
"verifyElementPresent(findTestObject(""Object Repository/FormSubmit/modal_Success""), 5)",Chrome 137.0.7151.70,,,12-06-2025 18:10:41,12-06-2025 18:10:42,0.484s,PASSED
"click(findTestObject(""Object Repository/FormSubmit/button_Close""))",Chrome 137.0.7151.70,,,12-06-2025 18:10:42,12-06-2025 18:10:43,1.362s,FAILED
,,,,,,,
Test Cases/Negative Case/TC_SystemAcceptsInvalidYear_(BUG),Chrome 137.0.7151.70,,,12-06-2025 18:10:43,12-06-2025 18:11:25,42.401s,PASSED
"openBrowser("""")",Chrome 137.0.7151.70,,,12-06-2025 18:10:44,12-06-2025 18:10:50,6.408s,PASSED
"navigateToUrl(""https://demoqa.com/automation-practice-form"")",Chrome 137.0.7151.70,,,12-06-2025 18:10:50,12-06-2025 18:11:09,18.809s,PASSED
maximizeWindow(),Chrome 137.0.7151.70,,,12-06-2025 18:11:09,12-06-2025 18:11:09,0.159s,PASSED
"scrollToElement(findTestObject(""Object Repository/FormSubmit/Input_firstName""), 3)",Chrome 137.0.7151.70,,,12-06-2025 18:11:09,12-06-2025 18:11:11,1.566s,PASSED
"setText(findTestObject(""Object Repository/FormSubmit/Input_firstName""), ""John"")",Chrome 137.0.7151.70,,,12-06-2025 18:11:11,12-06-2025 18:11:11,0.823s,PASSED
"setText(findTestObject(""Object Repository/FormSubmit/Input_lastName""), ""Doe"")",Chrome 137.0.7151.70,,,12-06-2025 18:11:11,12-06-2025 18:11:12,0.894s,PASSED
"setText(findTestObject(""Object Repository/FormSubmit/Input_Email""), ""John@gmail.com"")",Chrome 137.0.7151.70,,,12-06-2025 18:11:12,12-06-2025 18:11:13,0.747s,PASSED
"click(findTestObject(""Object Repository/FormSubmit/radio_Male""))",Chrome 137.0.7151.70,,,12-06-2025 18:11:13,12-06-2025 18:11:13,0.518s,PASSED
"setText(findTestObject(""Object Repository/FormSubmit/Input_Mobile""), ""0812345345"")",Chrome 137.0.7151.70,,,12-06-2025 18:11:13,12-06-2025 18:11:14,0.782s,PASSED
"click(findTestObject(""Object Repository/FormSubmit/Input_Birthday""))",Chrome 137.0.7151.70,,,12-06-2025 18:11:14,12-06-2025 18:11:15,0.450s,PASSED
"sendKeys(findTestObject(""Object Repository/FormSubmit/Input_Birthday""), Keys.chord(CONTROL, ""a""))",Chrome 137.0.7151.70,,,12-06-2025 18:11:15,12-06-2025 18:11:15,0.490s,PASSED
"sendKeys(findTestObject(""Object Repository/FormSubmit/Input_Birthday""), ""2050 January 20"" + ENTER)",Chrome 137.0.7151.70,,,12-06-2025 18:11:15,12-06-2025 18:11:16,0.611s,PASSED
"setText(findTestObject(""Object Repository/FormSubmit/Input_Subject""), ""English"")",Chrome 137.0.7151.70,,,12-06-2025 18:11:16,12-06-2025 18:11:17,0.744s,PASSED
"sendKeys(findTestObject(""Object Repository/FormSubmit/Input_Subject""), ""English"" + ENTER)",Chrome 137.0.7151.70,,,12-06-2025 18:11:17,12-06-2025 18:11:17,0.556s,PASSED
"click(findTestObject(""Object Repository/FormSubmit/Checkbox_Music""))",Chrome 137.0.7151.70,,,12-06-2025 18:11:17,12-06-2025 18:11:18,0.684s,PASSED
"filePath = ""C:\Users\ASUS\Downloads\day14.jpeg""",Chrome 137.0.7151.70,,,12-06-2025 18:11:18,12-06-2025 18:11:18,0.004s,PASSED
"uploadFile(findTestObject(""Object Repository/FormSubmit/Input_UploadPicture""), filePath)",Chrome 137.0.7151.70,,,12-06-2025 18:11:18,12-06-2025 18:11:19,0.949s,PASSED
"setText(findTestObject(""Object Repository/FormSubmit/Textarea_Address""), ""Jl.Mawar Sari No 20"")",Chrome 137.0.7151.70,,,12-06-2025 18:11:19,12-06-2025 18:11:20,1.014s,PASSED
"scrollToElement(findTestObject(""Object Repository/FormSubmit/dropdown_State""), 2)",Chrome 137.0.7151.70,,,12-06-2025 18:11:20,12-06-2025 18:11:20,0.362s,PASSED
"click(findTestObject(""Object Repository/FormSubmit/dropdown_State""))",Chrome 137.0.7151.70,,,12-06-2025 18:11:20,12-06-2025 18:11:21,0.579s,PASSED
"click(findTestObject(""Object Repository/FormSubmit/Options_Haryana""))",Chrome 137.0.7151.70,,,12-06-2025 18:11:21,12-06-2025 18:11:21,0.665s,PASSED
"click(findTestObject(""Object Repository/FormSubmit/dropdown_City""))",Chrome 137.0.7151.70,,,12-06-2025 18:11:21,12-06-2025 18:11:22,0.611s,PASSED
"click(findTestObject(""Object Repository/FormSubmit/Options_Panipat""))",Chrome 137.0.7151.70,,,12-06-2025 18:11:22,12-06-2025 18:11:23,0.690s,PASSED
"click(findTestObject(""Object Repository/FormSubmit/button_Submit""))",Chrome 137.0.7151.70,,,12-06-2025 18:11:23,12-06-2025 18:11:24,0.901s,PASSED
"verifyElementPresent(findTestObject(""Object Repository/FormSubmit/modal_Success""), 5)",Chrome 137.0.7151.70,,,12-06-2025 18:11:24,12-06-2025 18:11:24,0.464s,PASSED
closeBrowser(),Chrome 137.0.7151.70,,,12-06-2025 18:11:24,12-06-2025 18:11:25,1.410s,PASSED
