{
  "id": "Test Suites/TS_Positive/TSC_Submit_Positive",
  "name": "TSC_Submit_Positive",
  "reportFolder": "C:\\Users\\ASUS\\Katalon Studio\\web-sitiharyati-afteroffice-katalon\\Reports\\20250612_183234\\TS_Positive\\TSC_Submit_Positive\\20250612_183234",
  "startTime": 1749727960221,
  "endTime": 1749728110893,
  "totalPassedTestCases": "4",
  "totalErrorTestCases": "0",
  "totalFailedTestCases": "0",
  "totalTestCases": "4",
  "totalIncompleteTestCases": "0",
  "totalSkippedTestCases": "0",
  "description": ""
}