Suite/Test/Step Name,Browser,Description,Tag,Start time,End time,Duration,Status
TS_FormSubmit_Success,Chrome 137.0.7151.70,,,12-06-2025 16:03:03,12-06-2025 16:03:46,43.452s,PASSED
,,,,,,,
Test Cases/FormSubmit_Data/TC_FormSubmit_Success,Chrome 137.0.7151.70,,,12-06-2025 16:03:04,12-06-2025 16:03:46,42.041s,PASSED
"openBrowser("""")",Chrome 137.0.7151.70,,,12-06-2025 16:03:05,12-06-2025 16:03:11,6.055s,PASSED
"navigateToUrl(""https://demoqa.com/automation-practice-form"")",Chrome 137.0.7151.70,,,12-06-2025 16:03:11,12-06-2025 16:03:31,19.749s,PASSED
maximizeWindow(),Chrome 137.0.7151.70,,,12-06-2025 16:03:31,12-06-2025 16:03:31,0.595s,PASSED
"scrollToElement(findTestObject(""Object Repository/FormSubmit/Input_firstName""), 3)",Chrome 137.0.7151.70,,,12-06-2025 16:03:31,12-06-2025 16:03:32,1.193s,PASSED
"setText(findTestObject(""Object Repository/FormSubmit/Input_firstName""), ""John"")",Chrome 137.0.7151.70,,,12-06-2025 16:03:32,12-06-2025 16:03:34,1.574s,PASSED
"setText(findTestObject(""Object Repository/FormSubmit/Input_lastName""), ""Doe"")",Chrome 137.0.7151.70,,,12-06-2025 16:03:34,12-06-2025 16:03:35,0.653s,PASSED
"setText(findTestObject(""Object Repository/FormSubmit/Input_Email""), ""John@gmail.com"")",Chrome 137.0.7151.70,,,12-06-2025 16:03:35,12-06-2025 16:03:35,0.728s,PASSED
"click(findTestObject(""Object Repository/FormSubmit/radio_Male""))",Chrome 137.0.7151.70,,,12-06-2025 16:03:35,12-06-2025 16:03:36,0.428s,PASSED
"setText(findTestObject(""Object Repository/FormSubmit/Input_Mobile""), ""0812345345"")",Chrome 137.0.7151.70,,,12-06-2025 16:03:36,12-06-2025 16:03:37,0.649s,PASSED
"click(findTestObject(""Object Repository/FormSubmit/Input_Birthday""))",Chrome 137.0.7151.70,,,12-06-2025 16:03:37,12-06-2025 16:03:37,0.530s,PASSED
"sendKeys(findTestObject(""Object Repository/FormSubmit/Input_Birthday""), Keys.chord(CONTROL, ""a""))",Chrome 137.0.7151.70,,,12-06-2025 16:03:37,12-06-2025 16:03:37,0.392s,PASSED
"sendKeys(findTestObject(""Object Repository/FormSubmit/Input_Birthday""), ""1998 January 20"" + ENTER)",Chrome 137.0.7151.70,,,12-06-2025 16:03:37,12-06-2025 16:03:38,0.500s,PASSED
"setText(findTestObject(""Object Repository/FormSubmit/Input_Subject""), ""English"")",Chrome 137.0.7151.70,,,12-06-2025 16:03:38,12-06-2025 16:03:39,0.696s,PASSED
"sendKeys(findTestObject(""Object Repository/FormSubmit/Input_Subject""), ""English"" + ENTER)",Chrome 137.0.7151.70,,,12-06-2025 16:03:39,12-06-2025 16:03:39,0.595s,PASSED
"click(findTestObject(""Object Repository/FormSubmit/Checkbox_Music""))",Chrome 137.0.7151.70,,,12-06-2025 16:03:39,12-06-2025 16:03:40,0.954s,PASSED
"filePath = ""C:\Users\ASUS\Downloads\day14.jpeg""",Chrome 137.0.7151.70,,,12-06-2025 16:03:40,12-06-2025 16:03:40,0.007s,PASSED
"uploadFile(findTestObject(""Object Repository/FormSubmit/Input_UploadPicture""), filePath)",Chrome 137.0.7151.70,,,12-06-2025 16:03:40,12-06-2025 16:03:41,0.370s,PASSED
"setText(findTestObject(""Object Repository/FormSubmit/Textarea_Address""), ""Jl.Mawar Sari No 20"")",Chrome 137.0.7151.70,,,12-06-2025 16:03:41,12-06-2025 16:03:41,0.636s,PASSED
"scrollToElement(findTestObject(""Object Repository/FormSubmit/dropdown_State""), 2)",Chrome 137.0.7151.70,,,12-06-2025 16:03:41,12-06-2025 16:03:41,0.278s,PASSED
"click(findTestObject(""Object Repository/FormSubmit/dropdown_State""))",Chrome 137.0.7151.70,,,12-06-2025 16:03:42,12-06-2025 16:03:42,0.413s,PASSED
"click(findTestObject(""Object Repository/FormSubmit/Options_Haryana""))",Chrome 137.0.7151.70,,,12-06-2025 16:03:42,12-06-2025 16:03:42,0.476s,PASSED
"click(findTestObject(""Object Repository/FormSubmit/dropdown_City""))",Chrome 137.0.7151.70,,,12-06-2025 16:03:42,12-06-2025 16:03:43,0.564s,PASSED
"click(findTestObject(""Object Repository/FormSubmit/Options_Panipat""))",Chrome 137.0.7151.70,,,12-06-2025 16:03:43,12-06-2025 16:03:44,0.568s,PASSED
"click(findTestObject(""Object Repository/FormSubmit/button_Submit""))",Chrome 137.0.7151.70,,,12-06-2025 16:03:44,12-06-2025 16:03:44,0.654s,PASSED
"verifyElementPresent(findTestObject(""Object Repository/FormSubmit/modal_Success""), 5)",Chrome 137.0.7151.70,,,12-06-2025 16:03:44,12-06-2025 16:03:45,0.717s,PASSED
closeBrowser(),Chrome 137.0.7151.70,,,12-06-2025 16:03:45,12-06-2025 16:03:46,1.047s,PASSED
