Suite/Test/Step Name,Browser,Description,Tag,Start time,End time,Duration,Status
TS_Submit_Negative,Chrome 137.0.7151.70,,,12-06-2025 18:07:42,12-06-2025 18:11:23,3m - 40.516s,FAILED
,,,,,,,
Test Cases/Negative Case/TC_EmptyForm,Chrome 137.0.7151.70,,,12-06-2025 18:07:45,12-06-2025 18:08:30,44.843s,FAILED
"openBrowser("""")",Chrome 137.0.7151.70,,,12-06-2025 18:07:48,12-06-2025 18:08:01,12.733s,PASSED
"navigateToUrl(""https://demoqa.com/automation-practice-form"")",Chrome 137.0.7151.70,,,12-06-2025 18:08:01,12-06-2025 18:08:15,14.621s,PASSED
maximizeWindow(),Chrome 137.0.7151.70,,,12-06-2025 18:08:15,12-06-2025 18:08:16,0.660s,PASSED
"scrollToElement(findTestObject(""Object Repository/FormSubmit/button_Submit""), 6)",Chrome 137.0.7151.70,,,12-06-2025 18:08:16,12-06-2025 18:08:24,7.648s,PASSED
"click(findTestObject(""Object Repository/FormSubmit/button_Submit""))",Chrome 137.0.7151.70,,,12-06-2025 18:08:24,12-06-2025 18:08:25,1.440s,PASSED
"verifyElementPresent(findTestObject(""Object Repository/FormSubmit/modal_Success""), 3)",Chrome 137.0.7151.70,,,12-06-2025 18:08:25,12-06-2025 18:08:30,4.730s,FAILED
,,,,,,,
Test Cases/Negative Case/TC_InvalidEmail,Chrome 137.0.7151.70,,,12-06-2025 18:08:30,12-06-2025 18:09:15,45.004s,FAILED
"openBrowser("""")",Chrome 137.0.7151.70,,,12-06-2025 18:08:31,12-06-2025 18:08:36,5.056s,PASSED
"navigateToUrl(""https://demoqa.com/automation-practice-form"")",Chrome 137.0.7151.70,,,12-06-2025 18:08:36,12-06-2025 18:08:50,14.258s,PASSED
maximizeWindow(),Chrome 137.0.7151.70,,,12-06-2025 18:08:50,12-06-2025 18:08:51,0.645s,PASSED
"scrollToElement(findTestObject(""Object Repository/FormSubmit/Input_firstName""), 3)",Chrome 137.0.7151.70,,,12-06-2025 18:08:51,12-06-2025 18:08:53,2.039s,PASSED
"setText(findTestObject(""Object Repository/FormSubmit/Input_firstName""), ""John"")",Chrome 137.0.7151.70,,,12-06-2025 18:08:53,12-06-2025 18:08:55,1.907s,PASSED
"setText(findTestObject(""Object Repository/FormSubmit/Input_lastName""), ""Doe"")",Chrome 137.0.7151.70,,,12-06-2025 18:08:55,12-06-2025 18:08:56,1.519s,PASSED
"setText(findTestObject(""Object Repository/FormSubmit/Input_Email""), ""Johnjohn.com"")",Chrome 137.0.7151.70,,,12-06-2025 18:08:56,12-06-2025 18:08:58,1.755s,PASSED
"click(findTestObject(""Object Repository/FormSubmit/radio_Male""))",Chrome 137.0.7151.70,,,12-06-2025 18:08:58,12-06-2025 18:08:59,0.689s,PASSED
"setText(findTestObject(""Object Repository/FormSubmit/Input_Mobile""), ""0812345345"")",Chrome 137.0.7151.70,,,12-06-2025 18:08:59,12-06-2025 18:08:59,0.842s,PASSED
"click(findTestObject(""Object Repository/FormSubmit/Input_Birthday""))",Chrome 137.0.7151.70,,,12-06-2025 18:08:59,12-06-2025 18:09:00,1.005s,PASSED
"sendKeys(findTestObject(""Object Repository/FormSubmit/Input_Birthday""), Keys.chord(CONTROL, ""a""))",Chrome 137.0.7151.70,,,12-06-2025 18:09:00,12-06-2025 18:09:01,0.500s,PASSED
"sendKeys(findTestObject(""Object Repository/FormSubmit/Input_Birthday""), ""1998 January 20"" + ENTER)",Chrome 137.0.7151.70,,,12-06-2025 18:09:01,12-06-2025 18:09:01,0.622s,PASSED
"setText(findTestObject(""Object Repository/FormSubmit/Input_Subject""), ""English"")",Chrome 137.0.7151.70,,,12-06-2025 18:09:01,12-06-2025 18:09:02,0.919s,PASSED
"sendKeys(findTestObject(""Object Repository/FormSubmit/Input_Subject""), ""English"" + ENTER)",Chrome 137.0.7151.70,,,12-06-2025 18:09:02,12-06-2025 18:09:03,0.613s,PASSED
"click(findTestObject(""Object Repository/FormSubmit/Checkbox_Music""))",Chrome 137.0.7151.70,,,12-06-2025 18:09:03,12-06-2025 18:09:04,0.614s,PASSED
"filePath = ""C:\Users\ASUS\Downloads\day14.jpeg""",Chrome 137.0.7151.70,,,12-06-2025 18:09:04,12-06-2025 18:09:04,0.004s,PASSED
"uploadFile(findTestObject(""Object Repository/FormSubmit/Input_UploadPicture""), filePath)",Chrome 137.0.7151.70,,,12-06-2025 18:09:04,12-06-2025 18:09:04,0.416s,PASSED
"setText(findTestObject(""Object Repository/FormSubmit/Textarea_Address""), ""Jl.Mawar Sari No 20"")",Chrome 137.0.7151.70,,,12-06-2025 18:09:04,12-06-2025 18:09:05,0.779s,PASSED
"scrollToElement(findTestObject(""Object Repository/FormSubmit/dropdown_State""), 2)",Chrome 137.0.7151.70,,,12-06-2025 18:09:05,12-06-2025 18:09:05,0.325s,PASSED
"click(findTestObject(""Object Repository/FormSubmit/dropdown_State""))",Chrome 137.0.7151.70,,,12-06-2025 18:09:05,12-06-2025 18:09:06,0.457s,PASSED
"click(findTestObject(""Object Repository/FormSubmit/Options_Haryana""))",Chrome 137.0.7151.70,,,12-06-2025 18:09:06,12-06-2025 18:09:06,0.610s,PASSED
"click(findTestObject(""Object Repository/FormSubmit/dropdown_City""))",Chrome 137.0.7151.70,,,12-06-2025 18:09:06,12-06-2025 18:09:07,0.529s,PASSED
"click(findTestObject(""Object Repository/FormSubmit/Options_Panipat""))",Chrome 137.0.7151.70,,,12-06-2025 18:09:07,12-06-2025 18:09:07,0.649s,PASSED
"click(findTestObject(""Object Repository/FormSubmit/button_Submit""))",Chrome 137.0.7151.70,,,12-06-2025 18:09:07,12-06-2025 18:09:08,0.708s,PASSED
"verifyElementPresent(findTestObject(""Object Repository/FormSubmit/modal_Success""), 5)",Chrome 137.0.7151.70,,,12-06-2025 18:09:08,12-06-2025 18:09:15,6.714s,FAILED
,,,,,,,
Test Cases/Negative Case/TC_InvalidMobile,Chrome 137.0.7151.70,,,12-06-2025 18:09:15,12-06-2025 18:09:59,44.554s,FAILED
"openBrowser("""")",Chrome 137.0.7151.70,,,12-06-2025 18:09:15,12-06-2025 18:09:20,4.876s,PASSED
"navigateToUrl(""https://demoqa.com/automation-practice-form"")",Chrome 137.0.7151.70,,,12-06-2025 18:09:20,12-06-2025 18:09:37,17.077s,PASSED
maximizeWindow(),Chrome 137.0.7151.70,,,12-06-2025 18:09:37,12-06-2025 18:09:38,0.404s,PASSED
"scrollToElement(findTestObject(""Object Repository/FormSubmit/Input_firstName""), 3)",Chrome 137.0.7151.70,,,12-06-2025 18:09:38,12-06-2025 18:09:39,1.333s,PASSED
"setText(findTestObject(""Object Repository/FormSubmit/Input_firstName""), ""John"")",Chrome 137.0.7151.70,,,12-06-2025 18:09:39,12-06-2025 18:09:40,0.918s,PASSED
"setText(findTestObject(""Object Repository/FormSubmit/Input_lastName""), ""Doe"")",Chrome 137.0.7151.70,,,12-06-2025 18:09:40,12-06-2025 18:09:41,0.876s,PASSED
"setText(findTestObject(""Object Repository/FormSubmit/Input_Email""), ""John@gmail.com"")",Chrome 137.0.7151.70,,,12-06-2025 18:09:41,12-06-2025 18:09:41,0.790s,PASSED
"click(findTestObject(""Object Repository/FormSubmit/radio_Male""))",Chrome 137.0.7151.70,,,12-06-2025 18:09:41,12-06-2025 18:09:42,0.392s,PASSED
"setText(findTestObject(""Object Repository/FormSubmit/Input_Mobile""), ""0111"")",Chrome 137.0.7151.70,,,12-06-2025 18:09:42,12-06-2025 18:09:43,0.740s,PASSED
"click(findTestObject(""Object Repository/FormSubmit/Input_Birthday""))",Chrome 137.0.7151.70,,,12-06-2025 18:09:43,12-06-2025 18:09:44,1.386s,PASSED
"sendKeys(findTestObject(""Object Repository/FormSubmit/Input_Birthday""), Keys.chord(CONTROL, ""a""))",Chrome 137.0.7151.70,,,12-06-2025 18:09:44,12-06-2025 18:09:45,0.786s,PASSED
"sendKeys(findTestObject(""Object Repository/FormSubmit/Input_Birthday""), ""1998 January 20"" + ENTER)",Chrome 137.0.7151.70,,,12-06-2025 18:09:45,12-06-2025 18:09:46,0.974s,PASSED
"setText(findTestObject(""Object Repository/FormSubmit/Input_Subject""), ""English"")",Chrome 137.0.7151.70,,,12-06-2025 18:09:46,12-06-2025 18:09:47,0.866s,PASSED
"sendKeys(findTestObject(""Object Repository/FormSubmit/Input_Subject""), ""English"" + ENTER)",Chrome 137.0.7151.70,,,12-06-2025 18:09:47,12-06-2025 18:09:47,0.570s,PASSED
"click(findTestObject(""Object Repository/FormSubmit/Checkbox_Music""))",Chrome 137.0.7151.70,,,12-06-2025 18:09:47,12-06-2025 18:09:48,0.636s,PASSED
"filePath = ""C:\Users\ASUS\Downloads\day14.jpeg""",Chrome 137.0.7151.70,,,12-06-2025 18:09:48,12-06-2025 18:09:48,0.003s,PASSED
"uploadFile(findTestObject(""Object Repository/FormSubmit/Input_UploadPicture""), filePath)",Chrome 137.0.7151.70,,,12-06-2025 18:09:48,12-06-2025 18:09:48,0.319s,PASSED
"setText(findTestObject(""Object Repository/FormSubmit/Textarea_Address""), ""Jl.Mawar Sari No 20"")",Chrome 137.0.7151.70,,,12-06-2025 18:09:48,12-06-2025 18:09:49,1.213s,PASSED
"scrollToElement(findTestObject(""Object Repository/FormSubmit/dropdown_State""), 2)",Chrome 137.0.7151.70,,,12-06-2025 18:09:49,12-06-2025 18:09:50,0.473s,PASSED
"click(findTestObject(""Object Repository/FormSubmit/dropdown_State""))",Chrome 137.0.7151.70,,,12-06-2025 18:09:50,12-06-2025 18:09:50,0.412s,PASSED
"click(findTestObject(""Object Repository/FormSubmit/Options_Haryana""))",Chrome 137.0.7151.70,,,12-06-2025 18:09:50,12-06-2025 18:09:51,0.552s,PASSED
"click(findTestObject(""Object Repository/FormSubmit/dropdown_City""))",Chrome 137.0.7151.70,,,12-06-2025 18:09:51,12-06-2025 18:09:51,0.619s,PASSED
"click(findTestObject(""Object Repository/FormSubmit/Options_Panipat""))",Chrome 137.0.7151.70,,,12-06-2025 18:09:51,12-06-2025 18:09:52,0.687s,PASSED
"click(findTestObject(""Object Repository/FormSubmit/button_Submit""))",Chrome 137.0.7151.70,,,12-06-2025 18:09:52,12-06-2025 18:09:53,0.686s,PASSED
"verifyElementPresent(findTestObject(""Object Repository/FormSubmit/modal_Success""), 5)",Chrome 137.0.7151.70,,,12-06-2025 18:09:53,12-06-2025 18:09:59,6.582s,FAILED
,,,,,,,
Test Cases/Negative Case/TC_CloseButton_NotWork_Bug,Chrome 137.0.7151.70,,,12-06-2025 18:09:59,12-06-2025 18:10:38,38.333s,FAILED
"openBrowser("""")",Chrome 137.0.7151.70,,,12-06-2025 18:10:00,12-06-2025 18:10:04,4.021s,PASSED
"navigateToUrl(""https://demoqa.com/automation-practice-form"")",Chrome 137.0.7151.70,,,12-06-2025 18:10:04,12-06-2025 18:10:17,13.387s,PASSED
maximizeWindow(),Chrome 137.0.7151.70,,,12-06-2025 18:10:17,12-06-2025 18:10:18,1.209s,PASSED
"scrollToElement(findTestObject(""Object Repository/FormSubmit/Input_firstName""), 3)",Chrome 137.0.7151.70,,,12-06-2025 18:10:18,12-06-2025 18:10:22,3.543s,PASSED
"setText(findTestObject(""Object Repository/FormSubmit/Input_firstName""), ""John"")",Chrome 137.0.7151.70,,,12-06-2025 18:10:22,12-06-2025 18:10:23,1.486s,PASSED
"setText(findTestObject(""Object Repository/FormSubmit/Input_lastName""), ""Doe"")",Chrome 137.0.7151.70,,,12-06-2025 18:10:23,12-06-2025 18:10:24,1.069s,PASSED
"setText(findTestObject(""Object Repository/FormSubmit/Input_Email""), ""John@gmail.com"")",Chrome 137.0.7151.70,,,12-06-2025 18:10:24,12-06-2025 18:10:26,1.863s,PASSED
"click(findTestObject(""Object Repository/FormSubmit/radio_Male""))",Chrome 137.0.7151.70,,,12-06-2025 18:10:26,12-06-2025 18:10:27,0.560s,PASSED
"setText(findTestObject(""Object Repository/FormSubmit/Input_Mobile""), ""0812345345"")",Chrome 137.0.7151.70,,,12-06-2025 18:10:27,12-06-2025 18:10:28,1.229s,PASSED
"click(findTestObject(""Object Repository/FormSubmit/Input_Birthday""))",Chrome 137.0.7151.70,,,12-06-2025 18:10:28,12-06-2025 18:10:29,0.865s,PASSED
"sendKeys(findTestObject(""Object Repository/FormSubmit/Input_Birthday""), Keys.chord(CONTROL, ""a""))",Chrome 137.0.7151.70,,,12-06-2025 18:10:29,12-06-2025 18:10:29,0.373s,PASSED
"sendKeys(findTestObject(""Object Repository/FormSubmit/Input_Birthday""), ""1998 January 20"" + ENTER)",Chrome 137.0.7151.70,,,12-06-2025 18:10:29,12-06-2025 18:10:30,0.541s,PASSED
"setText(findTestObject(""Object Repository/FormSubmit/Input_Subject""), ""English"")",Chrome 137.0.7151.70,,,12-06-2025 18:10:30,12-06-2025 18:10:31,0.769s,PASSED
"sendKeys(findTestObject(""Object Repository/FormSubmit/Input_Subject""), ""English"" + ENTER)",Chrome 137.0.7151.70,,,12-06-2025 18:10:31,12-06-2025 18:10:31,0.615s,PASSED
"click(findTestObject(""Object Repository/FormSubmit/Checkbox_Music""))",Chrome 137.0.7151.70,,,12-06-2025 18:10:31,12-06-2025 18:10:32,0.610s,PASSED
"filePath = ""C:\Users\ASUS\Downloads\day14.jpeg""",Chrome 137.0.7151.70,,,12-06-2025 18:10:32,12-06-2025 18:10:32,0.003s,PASSED
"uploadFile(findTestObject(""Object Repository/FormSubmit/Input_UploadPicture""), filePath)",Chrome 137.0.7151.70,,,12-06-2025 18:10:32,12-06-2025 18:10:32,0.327s,PASSED
"setText(findTestObject(""Object Repository/FormSubmit/Textarea_Address""), ""Jl.Mawar Sari No 20"")",Chrome 137.0.7151.70,,,12-06-2025 18:10:32,12-06-2025 18:10:33,0.771s,PASSED
"scrollToElement(findTestObject(""Object Repository/FormSubmit/dropdown_State""), 2)",Chrome 137.0.7151.70,,,12-06-2025 18:10:33,12-06-2025 18:10:33,0.513s,PASSED
"click(findTestObject(""Object Repository/FormSubmit/dropdown_State""))",Chrome 137.0.7151.70,,,12-06-2025 18:10:33,12-06-2025 18:10:34,0.483s,PASSED
"click(findTestObject(""Object Repository/FormSubmit/Options_Haryana""))",Chrome 137.0.7151.70,,,12-06-2025 18:10:34,12-06-2025 18:10:35,0.673s,PASSED
"click(findTestObject(""Object Repository/FormSubmit/dropdown_City""))",Chrome 137.0.7151.70,,,12-06-2025 18:10:35,12-06-2025 18:10:35,0.649s,PASSED
"click(findTestObject(""Object Repository/FormSubmit/Options_Panipat""))",Chrome 137.0.7151.70,,,12-06-2025 18:10:35,12-06-2025 18:10:36,0.591s,PASSED
"click(findTestObject(""Object Repository/FormSubmit/button_Submit""))",Chrome 137.0.7151.70,,,12-06-2025 18:10:36,12-06-2025 18:10:37,0.756s,PASSED
"verifyElementPresent(findTestObject(""Object Repository/FormSubmit/modal_Success""), 5)",Chrome 137.0.7151.70,,,12-06-2025 18:10:37,12-06-2025 18:10:37,0.478s,PASSED
"click(findTestObject(""Object Repository/FormSubmit/button_Close""))",Chrome 137.0.7151.70,,,12-06-2025 18:10:37,12-06-2025 18:10:38,0.625s,FAILED
,,,,,,,
Test Cases/Negative Case/TC_SystemAcceptsInvalidYear_(BUG),Chrome 137.0.7151.70,,,12-06-2025 18:10:38,12-06-2025 18:11:23,44.815s,PASSED
"openBrowser("""")",Chrome 137.0.7151.70,,,12-06-2025 18:10:38,12-06-2025 18:10:44,6.244s,PASSED
"navigateToUrl(""https://demoqa.com/automation-practice-form"")",Chrome 137.0.7151.70,,,12-06-2025 18:10:44,12-06-2025 18:11:08,23.336s,PASSED
maximizeWindow(),Chrome 137.0.7151.70,,,12-06-2025 18:11:08,12-06-2025 18:11:08,0.292s,PASSED
"scrollToElement(findTestObject(""Object Repository/FormSubmit/Input_firstName""), 3)",Chrome 137.0.7151.70,,,12-06-2025 18:11:08,12-06-2025 18:11:08,0.505s,PASSED
"setText(findTestObject(""Object Repository/FormSubmit/Input_firstName""), ""John"")",Chrome 137.0.7151.70,,,12-06-2025 18:11:08,12-06-2025 18:11:10,1.328s,PASSED
"setText(findTestObject(""Object Repository/FormSubmit/Input_lastName""), ""Doe"")",Chrome 137.0.7151.70,,,12-06-2025 18:11:10,12-06-2025 18:11:11,0.937s,PASSED
"setText(findTestObject(""Object Repository/FormSubmit/Input_Email""), ""John@gmail.com"")",Chrome 137.0.7151.70,,,12-06-2025 18:11:11,12-06-2025 18:11:11,0.787s,PASSED
"click(findTestObject(""Object Repository/FormSubmit/radio_Male""))",Chrome 137.0.7151.70,,,12-06-2025 18:11:11,12-06-2025 18:11:12,0.466s,PASSED
"setText(findTestObject(""Object Repository/FormSubmit/Input_Mobile""), ""0812345345"")",Chrome 137.0.7151.70,,,12-06-2025 18:11:12,12-06-2025 18:11:13,0.845s,PASSED
"click(findTestObject(""Object Repository/FormSubmit/Input_Birthday""))",Chrome 137.0.7151.70,,,12-06-2025 18:11:13,12-06-2025 18:11:13,0.486s,PASSED
"sendKeys(findTestObject(""Object Repository/FormSubmit/Input_Birthday""), Keys.chord(CONTROL, ""a""))",Chrome 137.0.7151.70,,,12-06-2025 18:11:13,12-06-2025 18:11:14,0.419s,PASSED
"sendKeys(findTestObject(""Object Repository/FormSubmit/Input_Birthday""), ""2050 January 20"" + ENTER)",Chrome 137.0.7151.70,,,12-06-2025 18:11:14,12-06-2025 18:11:14,0.654s,PASSED
"setText(findTestObject(""Object Repository/FormSubmit/Input_Subject""), ""English"")",Chrome 137.0.7151.70,,,12-06-2025 18:11:14,12-06-2025 18:11:15,0.740s,PASSED
"sendKeys(findTestObject(""Object Repository/FormSubmit/Input_Subject""), ""English"" + ENTER)",Chrome 137.0.7151.70,,,12-06-2025 18:11:15,12-06-2025 18:11:16,0.538s,PASSED
"click(findTestObject(""Object Repository/FormSubmit/Checkbox_Music""))",Chrome 137.0.7151.70,,,12-06-2025 18:11:16,12-06-2025 18:11:16,0.602s,PASSED
"filePath = ""C:\Users\ASUS\Downloads\day14.jpeg""",Chrome 137.0.7151.70,,,12-06-2025 18:11:16,12-06-2025 18:11:16,0.002s,PASSED
"uploadFile(findTestObject(""Object Repository/FormSubmit/Input_UploadPicture""), filePath)",Chrome 137.0.7151.70,,,12-06-2025 18:11:16,12-06-2025 18:11:17,0.372s,PASSED
"setText(findTestObject(""Object Repository/FormSubmit/Textarea_Address""), ""Jl.Mawar Sari No 20"")",Chrome 137.0.7151.70,,,12-06-2025 18:11:17,12-06-2025 18:11:17,0.720s,PASSED
"scrollToElement(findTestObject(""Object Repository/FormSubmit/dropdown_State""), 2)",Chrome 137.0.7151.70,,,12-06-2025 18:11:17,12-06-2025 18:11:18,0.291s,PASSED
"click(findTestObject(""Object Repository/FormSubmit/dropdown_State""))",Chrome 137.0.7151.70,,,12-06-2025 18:11:18,12-06-2025 18:11:18,0.434s,PASSED
"click(findTestObject(""Object Repository/FormSubmit/Options_Haryana""))",Chrome 137.0.7151.70,,,12-06-2025 18:11:18,12-06-2025 18:11:19,1.131s,PASSED
"click(findTestObject(""Object Repository/FormSubmit/dropdown_City""))",Chrome 137.0.7151.70,,,12-06-2025 18:11:19,12-06-2025 18:11:20,0.749s,PASSED
"click(findTestObject(""Object Repository/FormSubmit/Options_Panipat""))",Chrome 137.0.7151.70,,,12-06-2025 18:11:20,12-06-2025 18:11:21,0.547s,PASSED
"click(findTestObject(""Object Repository/FormSubmit/button_Submit""))",Chrome 137.0.7151.70,,,12-06-2025 18:11:21,12-06-2025 18:11:21,0.535s,PASSED
"verifyElementPresent(findTestObject(""Object Repository/FormSubmit/modal_Success""), 5)",Chrome 137.0.7151.70,,,12-06-2025 18:11:21,12-06-2025 18:11:22,0.517s,PASSED
closeBrowser(),Chrome 137.0.7151.70,,,12-06-2025 18:11:22,12-06-2025 18:11:23,1.009s,PASSED
