Suite/Test/Step Name,Browser,Description,Tag,Start time,End time,Duration,Status
TS_Submit_Negative,Chrome 137.0.7151.70,,,12-06-2025 18:27:15,12-06-2025 18:30:59,3m - 43.895s,FAILED
,,,,,,,
Test Cases/Negative Case/TC_EmptyForm,Chrome 137.0.7151.70,,,12-06-2025 18:27:17,12-06-2025 18:28:02,45.468s,FAILED
"openBrowser("""")",Chrome 137.0.7151.70,,,12-06-2025 18:27:18,12-06-2025 18:27:35,16.474s,PASSED
"navigateToUrl(""https://demoqa.com/automation-practice-form"")",Chrome 137.0.7151.70,,,12-06-2025 18:27:35,12-06-2025 18:27:54,19.626s,PASSED
maximizeWindow(),Chrome 137.0.7151.70,,,12-06-2025 18:27:54,12-06-2025 18:27:55,0.333s,PASSED
"scrollToElement(findTestObject(""Object Repository/FormSubmit/button_Submit""), 6)",Chrome 137.0.7151.70,,,12-06-2025 18:27:55,12-06-2025 18:27:56,1.878s,PASSED
"click(findTestObject(""Object Repository/FormSubmit/button_Submit""))",Chrome 137.0.7151.70,,,12-06-2025 18:27:56,12-06-2025 18:27:57,0.776s,PASSED
"verifyElementPresent(findTestObject(""Object Repository/FormSubmit/modal_Success""), 3)",Chrome 137.0.7151.70,,,12-06-2025 18:27:57,12-06-2025 18:28:02,5.213s,FAILED
,,,,,,,
Test Cases/Negative Case/TC_InvalidEmail,Chrome 137.0.7151.70,,,12-06-2025 18:28:03,12-06-2025 18:28:49,46.530s,FAILED
"openBrowser("""")",Chrome 137.0.7151.70,,,12-06-2025 18:28:03,12-06-2025 18:28:10,6.956s,PASSED
"navigateToUrl(""https://demoqa.com/automation-practice-form"")",Chrome 137.0.7151.70,,,12-06-2025 18:28:10,12-06-2025 18:28:26,15.543s,PASSED
maximizeWindow(),Chrome 137.0.7151.70,,,12-06-2025 18:28:26,12-06-2025 18:28:26,0.549s,PASSED
"scrollToElement(findTestObject(""Object Repository/FormSubmit/Input_firstName""), 3)",Chrome 137.0.7151.70,,,12-06-2025 18:28:26,12-06-2025 18:28:28,2.038s,PASSED
"setText(findTestObject(""Object Repository/FormSubmit/Input_firstName""), ""John"")",Chrome 137.0.7151.70,,,12-06-2025 18:28:28,12-06-2025 18:28:30,1.431s,PASSED
"setText(findTestObject(""Object Repository/FormSubmit/Input_lastName""), ""Doe"")",Chrome 137.0.7151.70,,,12-06-2025 18:28:30,12-06-2025 18:28:32,2.695s,PASSED
"setText(findTestObject(""Object Repository/FormSubmit/Input_Email""), ""Johnjohn.com"")",Chrome 137.0.7151.70,,,12-06-2025 18:28:32,12-06-2025 18:28:33,0.711s,PASSED
"click(findTestObject(""Object Repository/FormSubmit/radio_Male""))",Chrome 137.0.7151.70,,,12-06-2025 18:28:33,12-06-2025 18:28:34,0.414s,PASSED
"setText(findTestObject(""Object Repository/FormSubmit/Input_Mobile""), ""0812345345"")",Chrome 137.0.7151.70,,,12-06-2025 18:28:34,12-06-2025 18:28:34,0.688s,PASSED
"click(findTestObject(""Object Repository/FormSubmit/Input_Birthday""))",Chrome 137.0.7151.70,,,12-06-2025 18:28:34,12-06-2025 18:28:35,0.499s,PASSED
"sendKeys(findTestObject(""Object Repository/FormSubmit/Input_Birthday""), Keys.chord(CONTROL, ""a""))",Chrome 137.0.7151.70,,,12-06-2025 18:28:35,12-06-2025 18:28:35,0.473s,PASSED
"sendKeys(findTestObject(""Object Repository/FormSubmit/Input_Birthday""), ""1998 January 20"" + ENTER)",Chrome 137.0.7151.70,,,12-06-2025 18:28:35,12-06-2025 18:28:36,0.608s,PASSED
"setText(findTestObject(""Object Repository/FormSubmit/Input_Subject""), ""English"")",Chrome 137.0.7151.70,,,12-06-2025 18:28:36,12-06-2025 18:28:37,0.750s,PASSED
"sendKeys(findTestObject(""Object Repository/FormSubmit/Input_Subject""), ""English"" + ENTER)",Chrome 137.0.7151.70,,,12-06-2025 18:28:37,12-06-2025 18:28:37,0.532s,PASSED
"click(findTestObject(""Object Repository/FormSubmit/Checkbox_Music""))",Chrome 137.0.7151.70,,,12-06-2025 18:28:37,12-06-2025 18:28:38,0.605s,PASSED
"filePath = ""C:\Users\ASUS\Downloads\day14.jpeg""",Chrome 137.0.7151.70,,,12-06-2025 18:28:38,12-06-2025 18:28:38,0.004s,PASSED
"uploadFile(findTestObject(""Object Repository/FormSubmit/Input_UploadPicture""), filePath)",Chrome 137.0.7151.70,,,12-06-2025 18:28:38,12-06-2025 18:28:38,0.402s,PASSED
"setText(findTestObject(""Object Repository/FormSubmit/Textarea_Address""), ""Jl.Mawar Sari No 20"")",Chrome 137.0.7151.70,,,12-06-2025 18:28:38,12-06-2025 18:28:39,0.741s,PASSED
"scrollToElement(findTestObject(""Object Repository/FormSubmit/dropdown_State""), 2)",Chrome 137.0.7151.70,,,12-06-2025 18:28:39,12-06-2025 18:28:39,0.368s,PASSED
"click(findTestObject(""Object Repository/FormSubmit/dropdown_State""))",Chrome 137.0.7151.70,,,12-06-2025 18:28:39,12-06-2025 18:28:40,0.517s,PASSED
"click(findTestObject(""Object Repository/FormSubmit/Options_Haryana""))",Chrome 137.0.7151.70,,,12-06-2025 18:28:40,12-06-2025 18:28:40,0.671s,PASSED
"click(findTestObject(""Object Repository/FormSubmit/dropdown_City""))",Chrome 137.0.7151.70,,,12-06-2025 18:28:40,12-06-2025 18:28:41,0.771s,PASSED
"click(findTestObject(""Object Repository/FormSubmit/Options_Panipat""))",Chrome 137.0.7151.70,,,12-06-2025 18:28:41,12-06-2025 18:28:42,0.647s,PASSED
"click(findTestObject(""Object Repository/FormSubmit/button_Submit""))",Chrome 137.0.7151.70,,,12-06-2025 18:28:42,12-06-2025 18:28:42,0.592s,PASSED
"verifyElementPresent(findTestObject(""Object Repository/FormSubmit/modal_Success""), 5)",Chrome 137.0.7151.70,,,12-06-2025 18:28:42,12-06-2025 18:28:49,6.631s,FAILED
,,,,,,,
Test Cases/Negative Case/TC_InvalidMobile,Chrome 137.0.7151.70,,,12-06-2025 18:28:49,12-06-2025 18:29:49,1m - 0.038s,FAILED
"openBrowser("""")",Chrome 137.0.7151.70,,,12-06-2025 18:28:49,12-06-2025 18:28:55,5.325s,PASSED
"navigateToUrl(""https://demoqa.com/automation-practice-form"")",Chrome 137.0.7151.70,,,12-06-2025 18:28:55,12-06-2025 18:29:23,28.490s,PASSED
maximizeWindow(),Chrome 137.0.7151.70,,,12-06-2025 18:29:23,12-06-2025 18:29:24,0.486s,PASSED
"scrollToElement(findTestObject(""Object Repository/FormSubmit/Input_firstName""), 3)",Chrome 137.0.7151.70,,,12-06-2025 18:29:24,12-06-2025 18:29:26,1.945s,PASSED
"setText(findTestObject(""Object Repository/FormSubmit/Input_firstName""), ""John"")",Chrome 137.0.7151.70,,,12-06-2025 18:29:26,12-06-2025 18:29:27,1.565s,PASSED
"setText(findTestObject(""Object Repository/FormSubmit/Input_lastName""), ""Doe"")",Chrome 137.0.7151.70,,,12-06-2025 18:29:27,12-06-2025 18:29:28,1.203s,PASSED
"setText(findTestObject(""Object Repository/FormSubmit/Input_Email""), ""John@gmail.com"")",Chrome 137.0.7151.70,,,12-06-2025 18:29:28,12-06-2025 18:29:30,1.865s,PASSED
"click(findTestObject(""Object Repository/FormSubmit/radio_Male""))",Chrome 137.0.7151.70,,,12-06-2025 18:29:30,12-06-2025 18:29:31,0.597s,PASSED
"setText(findTestObject(""Object Repository/FormSubmit/Input_Mobile""), ""0111"")",Chrome 137.0.7151.70,,,12-06-2025 18:29:31,12-06-2025 18:29:32,1.220s,PASSED
"click(findTestObject(""Object Repository/FormSubmit/Input_Birthday""))",Chrome 137.0.7151.70,,,12-06-2025 18:29:32,12-06-2025 18:29:33,0.745s,PASSED
"sendKeys(findTestObject(""Object Repository/FormSubmit/Input_Birthday""), Keys.chord(CONTROL, ""a""))",Chrome 137.0.7151.70,,,12-06-2025 18:29:33,12-06-2025 18:29:35,2.083s,PASSED
"sendKeys(findTestObject(""Object Repository/FormSubmit/Input_Birthday""), ""1998 January 20"" + ENTER)",Chrome 137.0.7151.70,,,12-06-2025 18:29:35,12-06-2025 18:29:36,0.660s,PASSED
"setText(findTestObject(""Object Repository/FormSubmit/Input_Subject""), ""English"")",Chrome 137.0.7151.70,,,12-06-2025 18:29:36,12-06-2025 18:29:36,0.746s,PASSED
"sendKeys(findTestObject(""Object Repository/FormSubmit/Input_Subject""), ""English"" + ENTER)",Chrome 137.0.7151.70,,,12-06-2025 18:29:36,12-06-2025 18:29:37,0.912s,PASSED
"click(findTestObject(""Object Repository/FormSubmit/Checkbox_Music""))",Chrome 137.0.7151.70,,,12-06-2025 18:29:37,12-06-2025 18:29:38,0.389s,PASSED
"filePath = ""C:\Users\ASUS\Downloads\day14.jpeg""",Chrome 137.0.7151.70,,,12-06-2025 18:29:38,12-06-2025 18:29:38,0.003s,PASSED
"uploadFile(findTestObject(""Object Repository/FormSubmit/Input_UploadPicture""), filePath)",Chrome 137.0.7151.70,,,12-06-2025 18:29:38,12-06-2025 18:29:38,0.524s,PASSED
"setText(findTestObject(""Object Repository/FormSubmit/Textarea_Address""), ""Jl.Mawar Sari No 20"")",Chrome 137.0.7151.70,,,12-06-2025 18:29:38,12-06-2025 18:29:39,0.669s,PASSED
"scrollToElement(findTestObject(""Object Repository/FormSubmit/dropdown_State""), 2)",Chrome 137.0.7151.70,,,12-06-2025 18:29:39,12-06-2025 18:29:39,0.293s,PASSED
"click(findTestObject(""Object Repository/FormSubmit/dropdown_State""))",Chrome 137.0.7151.70,,,12-06-2025 18:29:39,12-06-2025 18:29:40,0.384s,PASSED
"click(findTestObject(""Object Repository/FormSubmit/Options_Haryana""))",Chrome 137.0.7151.70,,,12-06-2025 18:29:40,12-06-2025 18:29:40,0.493s,PASSED
"click(findTestObject(""Object Repository/FormSubmit/dropdown_City""))",Chrome 137.0.7151.70,,,12-06-2025 18:29:40,12-06-2025 18:29:41,0.664s,PASSED
"click(findTestObject(""Object Repository/FormSubmit/Options_Panipat""))",Chrome 137.0.7151.70,,,12-06-2025 18:29:41,12-06-2025 18:29:41,0.526s,PASSED
"click(findTestObject(""Object Repository/FormSubmit/button_Submit""))",Chrome 137.0.7151.70,,,12-06-2025 18:29:41,12-06-2025 18:29:42,0.641s,PASSED
"verifyElementPresent(findTestObject(""Object Repository/FormSubmit/modal_Success""), 5)",Chrome 137.0.7151.70,,,12-06-2025 18:29:42,12-06-2025 18:29:49,7.100s,FAILED
,,,,,,,
Test Cases/Negative Case/TC_CloseButton_NotWork_Bug,Chrome 137.0.7151.70,,,12-06-2025 18:29:49,12-06-2025 18:30:22,32.737s,FAILED
"openBrowser("""")",Chrome 137.0.7151.70,,,12-06-2025 18:29:50,12-06-2025 18:29:54,4.691s,PASSED
"navigateToUrl(""https://demoqa.com/automation-practice-form"")",Chrome 137.0.7151.70,,,12-06-2025 18:29:54,12-06-2025 18:30:08,14.020s,PASSED
maximizeWindow(),Chrome 137.0.7151.70,,,12-06-2025 18:30:08,12-06-2025 18:30:09,0.437s,PASSED
"scrollToElement(findTestObject(""Object Repository/FormSubmit/Input_firstName""), 3)",Chrome 137.0.7151.70,,,12-06-2025 18:30:09,12-06-2025 18:30:10,1.107s,PASSED
"setText(findTestObject(""Object Repository/FormSubmit/Input_firstName""), ""John"")",Chrome 137.0.7151.70,,,12-06-2025 18:30:10,12-06-2025 18:30:11,0.876s,PASSED
"setText(findTestObject(""Object Repository/FormSubmit/Input_lastName""), ""Doe"")",Chrome 137.0.7151.70,,,12-06-2025 18:30:11,12-06-2025 18:30:11,0.676s,PASSED
"setText(findTestObject(""Object Repository/FormSubmit/Input_Email""), ""John@gmail.com"")",Chrome 137.0.7151.70,,,12-06-2025 18:30:11,12-06-2025 18:30:12,0.726s,PASSED
"click(findTestObject(""Object Repository/FormSubmit/radio_Male""))",Chrome 137.0.7151.70,,,12-06-2025 18:30:12,12-06-2025 18:30:13,0.387s,PASSED
"setText(findTestObject(""Object Repository/FormSubmit/Input_Mobile""), ""0812345345"")",Chrome 137.0.7151.70,,,12-06-2025 18:30:13,12-06-2025 18:30:13,0.640s,PASSED
"click(findTestObject(""Object Repository/FormSubmit/Input_Birthday""))",Chrome 137.0.7151.70,,,12-06-2025 18:30:13,12-06-2025 18:30:14,0.517s,PASSED
"sendKeys(findTestObject(""Object Repository/FormSubmit/Input_Birthday""), Keys.chord(CONTROL, ""a""))",Chrome 137.0.7151.70,,,12-06-2025 18:30:14,12-06-2025 18:30:14,0.369s,PASSED
"sendKeys(findTestObject(""Object Repository/FormSubmit/Input_Birthday""), ""1998 January 20"" + ENTER)",Chrome 137.0.7151.70,,,12-06-2025 18:30:14,12-06-2025 18:30:15,0.518s,PASSED
"setText(findTestObject(""Object Repository/FormSubmit/Input_Subject""), ""English"")",Chrome 137.0.7151.70,,,12-06-2025 18:30:15,12-06-2025 18:30:15,0.832s,PASSED
"sendKeys(findTestObject(""Object Repository/FormSubmit/Input_Subject""), ""English"" + ENTER)",Chrome 137.0.7151.70,,,12-06-2025 18:30:15,12-06-2025 18:30:16,0.594s,PASSED
"click(findTestObject(""Object Repository/FormSubmit/Checkbox_Music""))",Chrome 137.0.7151.70,,,12-06-2025 18:30:16,12-06-2025 18:30:17,0.581s,PASSED
"filePath = ""C:\Users\ASUS\Downloads\day14.jpeg""",Chrome 137.0.7151.70,,,12-06-2025 18:30:17,12-06-2025 18:30:17,0.001s,PASSED
"uploadFile(findTestObject(""Object Repository/FormSubmit/Input_UploadPicture""), filePath)",Chrome 137.0.7151.70,,,12-06-2025 18:30:17,12-06-2025 18:30:17,0.333s,PASSED
"setText(findTestObject(""Object Repository/FormSubmit/Textarea_Address""), ""Jl.Mawar Sari No 20"")",Chrome 137.0.7151.70,,,12-06-2025 18:30:17,12-06-2025 18:30:18,0.760s,PASSED
"scrollToElement(findTestObject(""Object Repository/FormSubmit/dropdown_State""), 2)",Chrome 137.0.7151.70,,,12-06-2025 18:30:18,12-06-2025 18:30:18,0.339s,PASSED
"click(findTestObject(""Object Repository/FormSubmit/dropdown_State""))",Chrome 137.0.7151.70,,,12-06-2025 18:30:18,12-06-2025 18:30:18,0.357s,PASSED
"click(findTestObject(""Object Repository/FormSubmit/Options_Haryana""))",Chrome 137.0.7151.70,,,12-06-2025 18:30:18,12-06-2025 18:30:19,0.567s,PASSED
"click(findTestObject(""Object Repository/FormSubmit/dropdown_City""))",Chrome 137.0.7151.70,,,12-06-2025 18:30:19,12-06-2025 18:30:20,0.571s,PASSED
"click(findTestObject(""Object Repository/FormSubmit/Options_Panipat""))",Chrome 137.0.7151.70,,,12-06-2025 18:30:20,12-06-2025 18:30:20,0.557s,PASSED
"click(findTestObject(""Object Repository/FormSubmit/button_Submit""))",Chrome 137.0.7151.70,,,12-06-2025 18:30:20,12-06-2025 18:30:21,0.625s,PASSED
"verifyElementPresent(findTestObject(""Object Repository/FormSubmit/modal_Success""), 5)",Chrome 137.0.7151.70,,,12-06-2025 18:30:21,12-06-2025 18:30:21,0.452s,PASSED
"click(findTestObject(""Object Repository/FormSubmit/button_Close""))",Chrome 137.0.7151.70,,,12-06-2025 18:30:21,12-06-2025 18:30:22,0.615s,FAILED
,,,,,,,
Test Cases/Negative Case/TC_SystemAcceptsInvalidYear_(BUG),Chrome 137.0.7151.70,,,12-06-2025 18:30:22,12-06-2025 18:30:59,37.192s,PASSED
"openBrowser("""")",Chrome 137.0.7151.70,,,12-06-2025 18:30:22,12-06-2025 18:30:27,4.552s,PASSED
"navigateToUrl(""https://demoqa.com/automation-practice-form"")",Chrome 137.0.7151.70,,,12-06-2025 18:30:27,12-06-2025 18:30:44,17.643s,PASSED
maximizeWindow(),Chrome 137.0.7151.70,,,12-06-2025 18:30:44,12-06-2025 18:30:45,0.442s,PASSED
"scrollToElement(findTestObject(""Object Repository/FormSubmit/Input_firstName""), 3)",Chrome 137.0.7151.70,,,12-06-2025 18:30:45,12-06-2025 18:30:46,1.305s,PASSED
"setText(findTestObject(""Object Repository/FormSubmit/Input_firstName""), ""John"")",Chrome 137.0.7151.70,,,12-06-2025 18:30:46,12-06-2025 18:30:47,0.723s,PASSED
"setText(findTestObject(""Object Repository/FormSubmit/Input_lastName""), ""Doe"")",Chrome 137.0.7151.70,,,12-06-2025 18:30:47,12-06-2025 18:30:47,0.625s,PASSED
"setText(findTestObject(""Object Repository/FormSubmit/Input_Email""), ""John@gmail.com"")",Chrome 137.0.7151.70,,,12-06-2025 18:30:47,12-06-2025 18:30:48,0.671s,PASSED
"click(findTestObject(""Object Repository/FormSubmit/radio_Male""))",Chrome 137.0.7151.70,,,12-06-2025 18:30:48,12-06-2025 18:30:48,0.415s,PASSED
"setText(findTestObject(""Object Repository/FormSubmit/Input_Mobile""), ""0812345345"")",Chrome 137.0.7151.70,,,12-06-2025 18:30:48,12-06-2025 18:30:49,0.645s,PASSED
"click(findTestObject(""Object Repository/FormSubmit/Input_Birthday""))",Chrome 137.0.7151.70,,,12-06-2025 18:30:49,12-06-2025 18:30:50,0.498s,PASSED
"sendKeys(findTestObject(""Object Repository/FormSubmit/Input_Birthday""), Keys.chord(CONTROL, ""a""))",Chrome 137.0.7151.70,,,12-06-2025 18:30:50,12-06-2025 18:30:50,0.367s,PASSED
"sendKeys(findTestObject(""Object Repository/FormSubmit/Input_Birthday""), ""2050 January 20"" + ENTER)",Chrome 137.0.7151.70,,,12-06-2025 18:30:50,12-06-2025 18:30:51,0.561s,PASSED
"setText(findTestObject(""Object Repository/FormSubmit/Input_Subject""), ""English"")",Chrome 137.0.7151.70,,,12-06-2025 18:30:51,12-06-2025 18:30:51,0.685s,PASSED
"sendKeys(findTestObject(""Object Repository/FormSubmit/Input_Subject""), ""English"" + ENTER)",Chrome 137.0.7151.70,,,12-06-2025 18:30:51,12-06-2025 18:30:52,0.602s,PASSED
"click(findTestObject(""Object Repository/FormSubmit/Checkbox_Music""))",Chrome 137.0.7151.70,,,12-06-2025 18:30:52,12-06-2025 18:30:52,0.600s,PASSED
"filePath = ""C:\Users\ASUS\Downloads\day14.jpeg""",Chrome 137.0.7151.70,,,12-06-2025 18:30:52,12-06-2025 18:30:52,0.003s,PASSED
"uploadFile(findTestObject(""Object Repository/FormSubmit/Input_UploadPicture""), filePath)",Chrome 137.0.7151.70,,,12-06-2025 18:30:52,12-06-2025 18:30:53,0.323s,PASSED
"setText(findTestObject(""Object Repository/FormSubmit/Textarea_Address""), ""Jl.Mawar Sari No 20"")",Chrome 137.0.7151.70,,,12-06-2025 18:30:53,12-06-2025 18:30:53,0.726s,PASSED
"scrollToElement(findTestObject(""Object Repository/FormSubmit/dropdown_State""), 2)",Chrome 137.0.7151.70,,,12-06-2025 18:30:53,12-06-2025 18:30:54,0.740s,PASSED
"click(findTestObject(""Object Repository/FormSubmit/dropdown_State""))",Chrome 137.0.7151.70,,,12-06-2025 18:30:54,12-06-2025 18:30:55,0.348s,PASSED
"click(findTestObject(""Object Repository/FormSubmit/Options_Haryana""))",Chrome 137.0.7151.70,,,12-06-2025 18:30:55,12-06-2025 18:30:55,0.598s,PASSED
"click(findTestObject(""Object Repository/FormSubmit/dropdown_City""))",Chrome 137.0.7151.70,,,12-06-2025 18:30:55,12-06-2025 18:30:56,0.588s,PASSED
"click(findTestObject(""Object Repository/FormSubmit/Options_Panipat""))",Chrome 137.0.7151.70,,,12-06-2025 18:30:56,12-06-2025 18:30:56,0.509s,PASSED
"click(findTestObject(""Object Repository/FormSubmit/button_Submit""))",Chrome 137.0.7151.70,,,12-06-2025 18:30:56,12-06-2025 18:30:57,0.643s,PASSED
"verifyElementPresent(findTestObject(""Object Repository/FormSubmit/modal_Success""), 5)",Chrome 137.0.7151.70,,,12-06-2025 18:30:57,12-06-2025 18:30:57,0.414s,PASSED
closeBrowser(),Chrome 137.0.7151.70,,,12-06-2025 18:30:57,12-06-2025 18:30:59,1.712s,PASSED
