Suite/Test/Step Name,Browser,Description,Tag,Start time,End time,Duration,Status
TS_Submit_Positive,Chrome 137.0.7151.70,,,12-06-2025 18:18:20,12-06-2025 18:20:34,2m - 13.831s,PASSED
,,,,,,,
Test Cases/Positive Case/TC_SubmitSuccess_AllFieldInput,Chrome 137.0.7151.70,,,12-06-2025 18:18:22,12-06-2025 18:18:57,35.526s,PASSED
"openBrowser("""")",Chrome 137.0.7151.70,,,12-06-2025 18:18:23,12-06-2025 18:18:30,7.348s,PASSED
"navigateToUrl(""https://demoqa.com/automation-practice-form"")",Chrome 137.0.7151.70,,,12-06-2025 18:18:30,12-06-2025 18:18:41,10.518s,PASSED
maximizeWindow(),Chrome 137.0.7151.70,,,12-06-2025 18:18:41,12-06-2025 18:18:41,0.309s,PASSED
"scrollToElement(findTestObject(""Object Repository/FormSubmit/Input_firstName""), 3)",Chrome 137.0.7151.70,,,12-06-2025 18:18:41,12-06-2025 18:18:43,1.897s,PASSED
"setText(findTestObject(""Object Repository/FormSubmit/Input_firstName""), ""John"")",Chrome 137.0.7151.70,,,12-06-2025 18:18:43,12-06-2025 18:18:44,1.154s,PASSED
"setText(findTestObject(""Object Repository/FormSubmit/Input_lastName""), ""Doe"")",Chrome 137.0.7151.70,,,12-06-2025 18:18:44,12-06-2025 18:18:45,0.832s,PASSED
"setText(findTestObject(""Object Repository/FormSubmit/Input_Email""), ""John@gmail.com"")",Chrome 137.0.7151.70,,,12-06-2025 18:18:45,12-06-2025 18:18:46,0.796s,PASSED
"click(findTestObject(""Object Repository/FormSubmit/radio_Male""))",Chrome 137.0.7151.70,,,12-06-2025 18:18:46,12-06-2025 18:18:46,0.513s,PASSED
"setText(findTestObject(""Object Repository/FormSubmit/Input_Mobile""), ""0812345345"")",Chrome 137.0.7151.70,,,12-06-2025 18:18:46,12-06-2025 18:18:47,0.812s,PASSED
"click(findTestObject(""Object Repository/FormSubmit/Input_Birthday""))",Chrome 137.0.7151.70,,,12-06-2025 18:18:47,12-06-2025 18:18:48,0.700s,PASSED
"sendKeys(findTestObject(""Object Repository/FormSubmit/Input_Birthday""), Keys.chord(CONTROL, ""a""))",Chrome 137.0.7151.70,,,12-06-2025 18:18:48,12-06-2025 18:18:48,0.495s,PASSED
"sendKeys(findTestObject(""Object Repository/FormSubmit/Input_Birthday""), ""1998 January 20"" + ENTER)",Chrome 137.0.7151.70,,,12-06-2025 18:18:48,12-06-2025 18:18:49,0.672s,PASSED
"setText(findTestObject(""Object Repository/FormSubmit/Input_Subject""), ""English"")",Chrome 137.0.7151.70,,,12-06-2025 18:18:49,12-06-2025 18:18:50,0.938s,PASSED
"sendKeys(findTestObject(""Object Repository/FormSubmit/Input_Subject""), ""English"" + ENTER)",Chrome 137.0.7151.70,,,12-06-2025 18:18:50,12-06-2025 18:18:50,0.669s,PASSED
"click(findTestObject(""Object Repository/FormSubmit/Checkbox_Music""))",Chrome 137.0.7151.70,,,12-06-2025 18:18:50,12-06-2025 18:18:51,0.674s,PASSED
"filePath = ""C:\Users\ASUS\Downloads\day14.jpeg""",Chrome 137.0.7151.70,,,12-06-2025 18:18:51,12-06-2025 18:18:51,0.008s,PASSED
"uploadFile(findTestObject(""Object Repository/FormSubmit/Input_UploadPicture""), filePath)",Chrome 137.0.7151.70,,,12-06-2025 18:18:51,12-06-2025 18:18:52,0.398s,PASSED
"setText(findTestObject(""Object Repository/FormSubmit/Textarea_Address""), ""Jl.Mawar Sari No 20"")",Chrome 137.0.7151.70,,,12-06-2025 18:18:52,12-06-2025 18:18:52,0.805s,PASSED
"scrollToElement(findTestObject(""Object Repository/FormSubmit/dropdown_State""), 2)",Chrome 137.0.7151.70,,,12-06-2025 18:18:52,12-06-2025 18:18:53,0.299s,PASSED
"click(findTestObject(""Object Repository/FormSubmit/dropdown_State""))",Chrome 137.0.7151.70,,,12-06-2025 18:18:53,12-06-2025 18:18:53,0.442s,PASSED
"click(findTestObject(""Object Repository/FormSubmit/Options_Haryana""))",Chrome 137.0.7151.70,,,12-06-2025 18:18:53,12-06-2025 18:18:54,0.574s,PASSED
"click(findTestObject(""Object Repository/FormSubmit/dropdown_City""))",Chrome 137.0.7151.70,,,12-06-2025 18:18:54,12-06-2025 18:18:54,0.601s,PASSED
"click(findTestObject(""Object Repository/FormSubmit/Options_Panipat""))",Chrome 137.0.7151.70,,,12-06-2025 18:18:54,12-06-2025 18:18:55,0.662s,PASSED
"click(findTestObject(""Object Repository/FormSubmit/button_Submit""))",Chrome 137.0.7151.70,,,12-06-2025 18:18:55,12-06-2025 18:18:56,0.725s,PASSED
"verifyElementPresent(findTestObject(""Object Repository/FormSubmit/modal_Success""), 5)",Chrome 137.0.7151.70,,,12-06-2025 18:18:56,12-06-2025 18:18:56,0.457s,PASSED
closeBrowser(),Chrome 137.0.7151.70,,,12-06-2025 18:18:56,12-06-2025 18:18:57,0.974s,PASSED
,,,,,,,
Test Cases/Positive Case/TC_SubmitSuccess_RequiredFieldInputValidation,Chrome 137.0.7151.70,,,12-06-2025 18:18:57,12-06-2025 18:19:27,29.904s,PASSED
"openBrowser("""")",Chrome 137.0.7151.70,,,12-06-2025 18:18:57,12-06-2025 18:19:01,3.278s,PASSED
"navigateToUrl(""https://demoqa.com/automation-practice-form"")",Chrome 137.0.7151.70,,,12-06-2025 18:19:01,12-06-2025 18:19:17,16.555s,PASSED
maximizeWindow(),Chrome 137.0.7151.70,,,12-06-2025 18:19:17,12-06-2025 18:19:18,0.521s,PASSED
"scrollToElement(findTestObject(""Object Repository/FormSubmit/Input_firstName""), 3)",Chrome 137.0.7151.70,,,12-06-2025 18:19:18,12-06-2025 18:19:19,1.241s,PASSED
"setText(findTestObject(""Object Repository/FormSubmit/Input_firstName""), ""John"")",Chrome 137.0.7151.70,,,12-06-2025 18:19:19,12-06-2025 18:19:20,0.909s,PASSED
"setText(findTestObject(""Object Repository/FormSubmit/Input_lastName""), ""Doe"")",Chrome 137.0.7151.70,,,12-06-2025 18:19:20,12-06-2025 18:19:21,0.826s,PASSED
"setText(findTestObject(""Object Repository/FormSubmit/Input_Email""), ""John@gmail.com"")",Chrome 137.0.7151.70,,,12-06-2025 18:19:21,12-06-2025 18:19:22,0.765s,PASSED
"click(findTestObject(""Object Repository/FormSubmit/radio_Male""))",Chrome 137.0.7151.70,,,12-06-2025 18:19:22,12-06-2025 18:19:22,0.432s,PASSED
"setText(findTestObject(""Object Repository/FormSubmit/Input_Mobile""), ""0812345345"")",Chrome 137.0.7151.70,,,12-06-2025 18:19:22,12-06-2025 18:19:23,0.821s,PASSED
"click(findTestObject(""Object Repository/FormSubmit/Input_Birthday""))",Chrome 137.0.7151.70,,,12-06-2025 18:19:23,12-06-2025 18:19:23,0.630s,PASSED
"sendKeys(findTestObject(""Object Repository/FormSubmit/Input_Birthday""), Keys.chord(CONTROL, ""a""))",Chrome 137.0.7151.70,,,12-06-2025 18:19:23,12-06-2025 18:19:24,0.421s,PASSED
"sendKeys(findTestObject(""Object Repository/FormSubmit/Input_Birthday""), ""1998 January 20"" + ENTER)",Chrome 137.0.7151.70,,,12-06-2025 18:19:24,12-06-2025 18:19:24,0.571s,PASSED
"scrollToElement(findTestObject(""Object Repository/FormSubmit/button_Submit""), 4)",Chrome 137.0.7151.70,,,12-06-2025 18:19:24,12-06-2025 18:19:25,0.434s,PASSED
"click(findTestObject(""Object Repository/FormSubmit/button_Submit""))",Chrome 137.0.7151.70,,,12-06-2025 18:19:25,12-06-2025 18:19:25,0.452s,PASSED
"verifyElementPresent(findTestObject(""Object Repository/FormSubmit/modal_Success""), 5)",Chrome 137.0.7151.70,,,12-06-2025 18:19:25,12-06-2025 18:19:26,0.398s,PASSED
closeBrowser(),Chrome 137.0.7151.70,,,12-06-2025 18:19:26,12-06-2025 18:19:27,1.236s,PASSED
,,,,,,,
Test Cases/Positive Case/TC_SubmitSuccess_MultipleHobies,Chrome 137.0.7151.70,,,12-06-2025 18:19:27,12-06-2025 18:19:59,31.723s,PASSED
"openBrowser("""")",Chrome 137.0.7151.70,,,12-06-2025 18:19:27,12-06-2025 18:19:30,3.029s,PASSED
"navigateToUrl(""https://demoqa.com/automation-practice-form"")",Chrome 137.0.7151.70,,,12-06-2025 18:19:30,12-06-2025 18:19:42,11.740s,PASSED
maximizeWindow(),Chrome 137.0.7151.70,,,12-06-2025 18:19:42,12-06-2025 18:19:43,0.352s,PASSED
"scrollToElement(findTestObject(""Object Repository/FormSubmit/Input_firstName""), 3)",Chrome 137.0.7151.70,,,12-06-2025 18:19:43,12-06-2025 18:19:44,1.681s,PASSED
"setText(findTestObject(""Object Repository/FormSubmit/Input_firstName""), ""John"")",Chrome 137.0.7151.70,,,12-06-2025 18:19:44,12-06-2025 18:19:45,1.148s,PASSED
"setText(findTestObject(""Object Repository/FormSubmit/Input_lastName""), ""Doe"")",Chrome 137.0.7151.70,,,12-06-2025 18:19:45,12-06-2025 18:19:46,0.758s,PASSED
"setText(findTestObject(""Object Repository/FormSubmit/Input_Email""), ""John@gmail.com"")",Chrome 137.0.7151.70,,,12-06-2025 18:19:46,12-06-2025 18:19:47,0.726s,PASSED
"click(findTestObject(""Object Repository/FormSubmit/radio_Male""))",Chrome 137.0.7151.70,,,12-06-2025 18:19:47,12-06-2025 18:19:47,0.494s,PASSED
"setText(findTestObject(""Object Repository/FormSubmit/Input_Mobile""), ""0812345345"")",Chrome 137.0.7151.70,,,12-06-2025 18:19:47,12-06-2025 18:19:48,0.759s,PASSED
"click(findTestObject(""Object Repository/FormSubmit/Input_Birthday""))",Chrome 137.0.7151.70,,,12-06-2025 18:19:48,12-06-2025 18:19:49,0.554s,PASSED
"sendKeys(findTestObject(""Object Repository/FormSubmit/Input_Birthday""), Keys.chord(CONTROL, ""a""))",Chrome 137.0.7151.70,,,12-06-2025 18:19:49,12-06-2025 18:19:49,0.487s,PASSED
"sendKeys(findTestObject(""Object Repository/FormSubmit/Input_Birthday""), ""1998 January 20"" + ENTER)",Chrome 137.0.7151.70,,,12-06-2025 18:19:49,12-06-2025 18:19:50,0.589s,PASSED
"setText(findTestObject(""Object Repository/FormSubmit/Input_Subject""), ""Computer Science"")",Chrome 137.0.7151.70,,,12-06-2025 18:19:50,12-06-2025 18:19:51,0.903s,PASSED
"sendKeys(findTestObject(""Object Repository/FormSubmit/Input_Subject""), ""Computer Science"" + ENTER)",Chrome 137.0.7151.70,,,12-06-2025 18:19:51,12-06-2025 18:19:51,0.693s,PASSED
"click(findTestObject(""Object Repository/FormSubmit/Checkbox_Music""))",Chrome 137.0.7151.70,,,12-06-2025 18:19:51,12-06-2025 18:19:52,0.643s,PASSED
"click(findTestObject(""Object Repository/FormSubmit/Checkbox_Sports""))",Chrome 137.0.7151.70,,,12-06-2025 18:19:52,12-06-2025 18:19:52,0.409s,PASSED
"click(findTestObject(""Object Repository/FormSubmit/Checkbox_Reading""))",Chrome 137.0.7151.70,,,12-06-2025 18:19:52,12-06-2025 18:19:53,0.420s,PASSED
"filePath = ""C:\Users\ASUS\Downloads\day14.jpeg""",Chrome 137.0.7151.70,,,12-06-2025 18:19:53,12-06-2025 18:19:53,0.003s,PASSED
"uploadFile(findTestObject(""Object Repository/FormSubmit/Input_UploadPicture""), filePath)",Chrome 137.0.7151.70,,,12-06-2025 18:19:53,12-06-2025 18:19:53,0.340s,PASSED
"setText(findTestObject(""Object Repository/FormSubmit/Textarea_Address""), ""Jl.Mawar Sari No 20"")",Chrome 137.0.7151.70,,,12-06-2025 18:19:53,12-06-2025 18:19:54,0.830s,PASSED
"scrollToElement(findTestObject(""Object Repository/FormSubmit/dropdown_State""), 2)",Chrome 137.0.7151.70,,,12-06-2025 18:19:54,12-06-2025 18:19:54,0.310s,PASSED
"click(findTestObject(""Object Repository/FormSubmit/dropdown_State""))",Chrome 137.0.7151.70,,,12-06-2025 18:19:54,12-06-2025 18:19:55,0.461s,PASSED
"click(findTestObject(""Object Repository/FormSubmit/Options_Haryana""))",Chrome 137.0.7151.70,,,12-06-2025 18:19:55,12-06-2025 18:19:55,0.633s,PASSED
"click(findTestObject(""Object Repository/FormSubmit/dropdown_City""))",Chrome 137.0.7151.70,,,12-06-2025 18:19:55,12-06-2025 18:19:56,0.651s,PASSED
"click(findTestObject(""Object Repository/FormSubmit/Options_Panipat""))",Chrome 137.0.7151.70,,,12-06-2025 18:19:56,12-06-2025 18:19:57,0.555s,PASSED
"click(findTestObject(""Object Repository/FormSubmit/button_Submit""))",Chrome 137.0.7151.70,,,12-06-2025 18:19:57,12-06-2025 18:19:57,0.724s,PASSED
"verifyElementPresent(findTestObject(""Object Repository/FormSubmit/modal_Success""), 5)",Chrome 137.0.7151.70,,,12-06-2025 18:19:57,12-06-2025 18:19:58,0.492s,PASSED
closeBrowser(),Chrome 137.0.7151.70,,,12-06-2025 18:19:58,12-06-2025 18:19:59,0.940s,PASSED
,,,,,,,
Test Cases/Positive Case/TC_SubmitSuccess_MultipleSubject,Chrome 137.0.7151.70,,,12-06-2025 18:19:59,12-06-2025 18:20:34,35.339s,PASSED
"openBrowser("""")",Chrome 137.0.7151.70,,,12-06-2025 18:19:59,12-06-2025 18:20:02,3.162s,PASSED
"navigateToUrl(""https://demoqa.com/automation-practice-form"")",Chrome 137.0.7151.70,,,12-06-2025 18:20:02,12-06-2025 18:20:16,13.705s,PASSED
maximizeWindow(),Chrome 137.0.7151.70,,,12-06-2025 18:20:16,12-06-2025 18:20:16,0.229s,PASSED
"scrollToElement(findTestObject(""Object Repository/FormSubmit/Input_firstName""), 3)",Chrome 137.0.7151.70,,,12-06-2025 18:20:16,12-06-2025 18:20:18,1.495s,PASSED
"setText(findTestObject(""Object Repository/FormSubmit/Input_firstName""), ""John"")",Chrome 137.0.7151.70,,,12-06-2025 18:20:18,12-06-2025 18:20:18,0.745s,PASSED
"setText(findTestObject(""Object Repository/FormSubmit/Input_lastName""), ""Doe"")",Chrome 137.0.7151.70,,,12-06-2025 18:20:18,12-06-2025 18:20:19,0.710s,PASSED
"setText(findTestObject(""Object Repository/FormSubmit/Input_Email""), ""John@gmail.com"")",Chrome 137.0.7151.70,,,12-06-2025 18:20:19,12-06-2025 18:20:20,0.736s,PASSED
"click(findTestObject(""Object Repository/FormSubmit/radio_Male""))",Chrome 137.0.7151.70,,,12-06-2025 18:20:20,12-06-2025 18:20:20,0.488s,PASSED
"setText(findTestObject(""Object Repository/FormSubmit/Input_Mobile""), ""0812345345"")",Chrome 137.0.7151.70,,,12-06-2025 18:20:20,12-06-2025 18:20:21,0.820s,PASSED
"click(findTestObject(""Object Repository/FormSubmit/Input_Birthday""))",Chrome 137.0.7151.70,,,12-06-2025 18:20:21,12-06-2025 18:20:22,0.589s,PASSED
"sendKeys(findTestObject(""Object Repository/FormSubmit/Input_Birthday""), Keys.chord(CONTROL, ""a""))",Chrome 137.0.7151.70,,,12-06-2025 18:20:22,12-06-2025 18:20:22,0.452s,PASSED
"sendKeys(findTestObject(""Object Repository/FormSubmit/Input_Birthday""), ""1998 January 20"" + ENTER)",Chrome 137.0.7151.70,,,12-06-2025 18:20:22,12-06-2025 18:20:23,0.519s,PASSED
"setText(findTestObject(""Object Repository/FormSubmit/Input_Subject""), ""English"")",Chrome 137.0.7151.70,,,12-06-2025 18:20:23,12-06-2025 18:20:24,0.907s,PASSED
"sendKeys(findTestObject(""Object Repository/FormSubmit/Input_Subject""), ""English"" + ENTER)",Chrome 137.0.7151.70,,,12-06-2025 18:20:24,12-06-2025 18:20:24,0.609s,PASSED
"setText(findTestObject(""Object Repository/FormSubmit/Input_Subject""), ""Math"")",Chrome 137.0.7151.70,,,12-06-2025 18:20:24,12-06-2025 18:20:25,0.915s,PASSED
"sendKeys(findTestObject(""Object Repository/FormSubmit/Input_Subject""), ""Math"" + ENTER)",Chrome 137.0.7151.70,,,12-06-2025 18:20:25,12-06-2025 18:20:26,0.630s,PASSED
"setText(findTestObject(""Object Repository/FormSubmit/Input_Subject""), ""Computer Science"")",Chrome 137.0.7151.70,,,12-06-2025 18:20:26,12-06-2025 18:20:27,0.991s,PASSED
"sendKeys(findTestObject(""Object Repository/FormSubmit/Input_Subject""), ""Computer Science"" + ENTER)",Chrome 137.0.7151.70,,,12-06-2025 18:20:27,12-06-2025 18:20:27,0.681s,PASSED
"click(findTestObject(""Object Repository/FormSubmit/Checkbox_Reading""))",Chrome 137.0.7151.70,,,12-06-2025 18:20:27,12-06-2025 18:20:28,0.655s,PASSED
"filePath = ""C:\Users\ASUS\Downloads\day14.jpeg""",Chrome 137.0.7151.70,,,12-06-2025 18:20:28,12-06-2025 18:20:28,0.005s,PASSED
"uploadFile(findTestObject(""Object Repository/FormSubmit/Input_UploadPicture""), filePath)",Chrome 137.0.7151.70,,,12-06-2025 18:20:28,12-06-2025 18:20:28,0.346s,PASSED
"setText(findTestObject(""Object Repository/FormSubmit/Textarea_Address""), ""Jl.Mawar Sari No 20"")",Chrome 137.0.7151.70,,,12-06-2025 18:20:28,12-06-2025 18:20:29,0.785s,PASSED
"scrollToElement(findTestObject(""Object Repository/FormSubmit/dropdown_State""), 2)",Chrome 137.0.7151.70,,,12-06-2025 18:20:29,12-06-2025 18:20:29,0.317s,PASSED
"click(findTestObject(""Object Repository/FormSubmit/dropdown_State""))",Chrome 137.0.7151.70,,,12-06-2025 18:20:29,12-06-2025 18:20:30,0.453s,PASSED
"click(findTestObject(""Object Repository/FormSubmit/Options_Haryana""))",Chrome 137.0.7151.70,,,12-06-2025 18:20:30,12-06-2025 18:20:30,0.561s,PASSED
"click(findTestObject(""Object Repository/FormSubmit/dropdown_City""))",Chrome 137.0.7151.70,,,12-06-2025 18:20:30,12-06-2025 18:20:31,0.658s,PASSED
"click(findTestObject(""Object Repository/FormSubmit/Options_Panipat""))",Chrome 137.0.7151.70,,,12-06-2025 18:20:31,12-06-2025 18:20:32,0.634s,PASSED
"click(findTestObject(""Object Repository/FormSubmit/button_Submit""))",Chrome 137.0.7151.70,,,12-06-2025 18:20:32,12-06-2025 18:20:33,0.729s,PASSED
"verifyElementPresent(findTestObject(""Object Repository/FormSubmit/modal_Success""), 5)",Chrome 137.0.7151.70,,,12-06-2025 18:20:33,12-06-2025 18:20:33,0.399s,PASSED
closeBrowser(),Chrome 137.0.7151.70,,,12-06-2025 18:20:33,12-06-2025 18:20:34,1.142s,PASSED
