Suite/Test/Step Name,Browser,Description,Tag,Start time,End time,Duration,Status
TS_Submit_Positive,Chrome 137.0.7151.70,,,12-06-2025 18:32:49,12-06-2025 18:35:10,2m - 21.073s,PASSED
,,,,,,,
Test Cases/Positive Case/TC_SubmitSuccess_AllFieldInput,Chrome 137.0.7151.70,,,12-06-2025 18:32:50,12-06-2025 18:33:28,37.866s,PASSED
"openBrowser("""")",Chrome 137.0.7151.70,,,12-06-2025 18:32:51,12-06-2025 18:32:59,8.127s,PASSED
"navigateToUrl(""https://demoqa.com/automation-practice-form"")",Chrome 137.0.7151.70,,,12-06-2025 18:32:59,12-06-2025 18:33:12,12.563s,PASSED
maximizeWindow(),Chrome 137.0.7151.70,,,12-06-2025 18:33:12,12-06-2025 18:33:13,0.757s,PASSED
"scrollToElement(findTestObject(""Object Repository/FormSubmit/Input_firstName""), 3)",Chrome 137.0.7151.70,,,12-06-2025 18:33:13,12-06-2025 18:33:14,1.684s,PASSED
"setText(findTestObject(""Object Repository/FormSubmit/Input_firstName""), ""John"")",Chrome 137.0.7151.70,,,12-06-2025 18:33:14,12-06-2025 18:33:15,0.939s,PASSED
"setText(findTestObject(""Object Repository/FormSubmit/Input_lastName""), ""Doe"")",Chrome 137.0.7151.70,,,12-06-2025 18:33:15,12-06-2025 18:33:16,0.718s,PASSED
"setText(findTestObject(""Object Repository/FormSubmit/Input_Email""), ""John@gmail.com"")",Chrome 137.0.7151.70,,,12-06-2025 18:33:16,12-06-2025 18:33:17,0.798s,PASSED
"click(findTestObject(""Object Repository/FormSubmit/radio_Male""))",Chrome 137.0.7151.70,,,12-06-2025 18:33:17,12-06-2025 18:33:17,0.469s,PASSED
"setText(findTestObject(""Object Repository/FormSubmit/Input_Mobile""), ""0812345345"")",Chrome 137.0.7151.70,,,12-06-2025 18:33:17,12-06-2025 18:33:18,0.904s,PASSED
"click(findTestObject(""Object Repository/FormSubmit/Input_Birthday""))",Chrome 137.0.7151.70,,,12-06-2025 18:33:18,12-06-2025 18:33:19,0.598s,PASSED
"sendKeys(findTestObject(""Object Repository/FormSubmit/Input_Birthday""), Keys.chord(CONTROL, ""a""))",Chrome 137.0.7151.70,,,12-06-2025 18:33:19,12-06-2025 18:33:19,0.460s,PASSED
"sendKeys(findTestObject(""Object Repository/FormSubmit/Input_Birthday""), ""1998 January 20"" + ENTER)",Chrome 137.0.7151.70,,,12-06-2025 18:33:19,12-06-2025 18:33:20,0.558s,PASSED
"setText(findTestObject(""Object Repository/FormSubmit/Input_Subject""), ""English"")",Chrome 137.0.7151.70,,,12-06-2025 18:33:20,12-06-2025 18:33:21,0.869s,PASSED
"sendKeys(findTestObject(""Object Repository/FormSubmit/Input_Subject""), ""English"" + ENTER)",Chrome 137.0.7151.70,,,12-06-2025 18:33:21,12-06-2025 18:33:21,0.539s,PASSED
"click(findTestObject(""Object Repository/FormSubmit/Checkbox_Music""))",Chrome 137.0.7151.70,,,12-06-2025 18:33:21,12-06-2025 18:33:22,0.659s,PASSED
"filePath = ""C:\Users\ASUS\Downloads\day14.jpeg""",Chrome 137.0.7151.70,,,12-06-2025 18:33:22,12-06-2025 18:33:22,0.006s,PASSED
"uploadFile(findTestObject(""Object Repository/FormSubmit/Input_UploadPicture""), filePath)",Chrome 137.0.7151.70,,,12-06-2025 18:33:22,12-06-2025 18:33:22,0.399s,PASSED
"setText(findTestObject(""Object Repository/FormSubmit/Textarea_Address""), ""Jl.Mawar Sari No 20"")",Chrome 137.0.7151.70,,,12-06-2025 18:33:22,12-06-2025 18:33:23,0.754s,PASSED
"scrollToElement(findTestObject(""Object Repository/FormSubmit/dropdown_State""), 2)",Chrome 137.0.7151.70,,,12-06-2025 18:33:23,12-06-2025 18:33:23,0.352s,PASSED
"click(findTestObject(""Object Repository/FormSubmit/dropdown_State""))",Chrome 137.0.7151.70,,,12-06-2025 18:33:23,12-06-2025 18:33:24,0.471s,PASSED
"click(findTestObject(""Object Repository/FormSubmit/Options_Haryana""))",Chrome 137.0.7151.70,,,12-06-2025 18:33:24,12-06-2025 18:33:24,0.524s,PASSED
"click(findTestObject(""Object Repository/FormSubmit/dropdown_City""))",Chrome 137.0.7151.70,,,12-06-2025 18:33:24,12-06-2025 18:33:25,0.579s,PASSED
"click(findTestObject(""Object Repository/FormSubmit/Options_Panipat""))",Chrome 137.0.7151.70,,,12-06-2025 18:33:25,12-06-2025 18:33:26,0.600s,PASSED
"click(findTestObject(""Object Repository/FormSubmit/button_Submit""))",Chrome 137.0.7151.70,,,12-06-2025 18:33:26,12-06-2025 18:33:26,0.766s,PASSED
"verifyElementPresent(findTestObject(""Object Repository/FormSubmit/modal_Success""), 5)",Chrome 137.0.7151.70,,,12-06-2025 18:33:26,12-06-2025 18:33:27,0.416s,PASSED
closeBrowser(),Chrome 137.0.7151.70,,,12-06-2025 18:33:27,12-06-2025 18:33:28,1.111s,PASSED
,,,,,,,
Test Cases/Positive Case/TC_SubmitSuccess_RequiredFieldInputValidation,Chrome 137.0.7151.70,,,12-06-2025 18:33:28,12-06-2025 18:33:56,28.358s,PASSED
"openBrowser("""")",Chrome 137.0.7151.70,,,12-06-2025 18:33:28,12-06-2025 18:33:31,3.245s,PASSED
"navigateToUrl(""https://demoqa.com/automation-practice-form"")",Chrome 137.0.7151.70,,,12-06-2025 18:33:31,12-06-2025 18:33:48,16.199s,PASSED
maximizeWindow(),Chrome 137.0.7151.70,,,12-06-2025 18:33:48,12-06-2025 18:33:48,0.250s,PASSED
"scrollToElement(findTestObject(""Object Repository/FormSubmit/Input_firstName""), 3)",Chrome 137.0.7151.70,,,12-06-2025 18:33:48,12-06-2025 18:33:49,1.170s,PASSED
"setText(findTestObject(""Object Repository/FormSubmit/Input_firstName""), ""John"")",Chrome 137.0.7151.70,,,12-06-2025 18:33:49,12-06-2025 18:33:50,0.822s,PASSED
"setText(findTestObject(""Object Repository/FormSubmit/Input_lastName""), ""Doe"")",Chrome 137.0.7151.70,,,12-06-2025 18:33:50,12-06-2025 18:33:51,0.693s,PASSED
"setText(findTestObject(""Object Repository/FormSubmit/Input_Email""), ""John@gmail.com"")",Chrome 137.0.7151.70,,,12-06-2025 18:33:51,12-06-2025 18:33:51,0.737s,PASSED
"click(findTestObject(""Object Repository/FormSubmit/radio_Male""))",Chrome 137.0.7151.70,,,12-06-2025 18:33:51,12-06-2025 18:33:52,0.414s,PASSED
"setText(findTestObject(""Object Repository/FormSubmit/Input_Mobile""), ""0812345345"")",Chrome 137.0.7151.70,,,12-06-2025 18:33:52,12-06-2025 18:33:52,0.754s,PASSED
"click(findTestObject(""Object Repository/FormSubmit/Input_Birthday""))",Chrome 137.0.7151.70,,,12-06-2025 18:33:52,12-06-2025 18:33:53,0.610s,PASSED
"sendKeys(findTestObject(""Object Repository/FormSubmit/Input_Birthday""), Keys.chord(CONTROL, ""a""))",Chrome 137.0.7151.70,,,12-06-2025 18:33:53,12-06-2025 18:33:54,0.439s,PASSED
"sendKeys(findTestObject(""Object Repository/FormSubmit/Input_Birthday""), ""1998 January 20"" + ENTER)",Chrome 137.0.7151.70,,,12-06-2025 18:33:54,12-06-2025 18:33:54,0.521s,PASSED
"scrollToElement(findTestObject(""Object Repository/FormSubmit/button_Submit""), 4)",Chrome 137.0.7151.70,,,12-06-2025 18:33:54,12-06-2025 18:33:54,0.341s,PASSED
"click(findTestObject(""Object Repository/FormSubmit/button_Submit""))",Chrome 137.0.7151.70,,,12-06-2025 18:33:54,12-06-2025 18:33:55,0.423s,PASSED
"verifyElementPresent(findTestObject(""Object Repository/FormSubmit/modal_Success""), 5)",Chrome 137.0.7151.70,,,12-06-2025 18:33:55,12-06-2025 18:33:55,0.508s,PASSED
closeBrowser(),Chrome 137.0.7151.70,,,12-06-2025 18:33:55,12-06-2025 18:33:56,0.883s,PASSED
,,,,,,,
Test Cases/Positive Case/TC_SubmitSuccess_MultipleHobies,Chrome 137.0.7151.70,,,12-06-2025 18:33:56,12-06-2025 18:34:34,38.169s,PASSED
"openBrowser("""")",Chrome 137.0.7151.70,,,12-06-2025 18:33:57,12-06-2025 18:34:00,3.054s,PASSED
"navigateToUrl(""https://demoqa.com/automation-practice-form"")",Chrome 137.0.7151.70,,,12-06-2025 18:34:00,12-06-2025 18:34:19,19.719s,PASSED
maximizeWindow(),Chrome 137.0.7151.70,,,12-06-2025 18:34:19,12-06-2025 18:34:20,0.255s,PASSED
"scrollToElement(findTestObject(""Object Repository/FormSubmit/Input_firstName""), 3)",Chrome 137.0.7151.70,,,12-06-2025 18:34:20,12-06-2025 18:34:21,1.004s,PASSED
"setText(findTestObject(""Object Repository/FormSubmit/Input_firstName""), ""John"")",Chrome 137.0.7151.70,,,12-06-2025 18:34:21,12-06-2025 18:34:21,0.762s,PASSED
"setText(findTestObject(""Object Repository/FormSubmit/Input_lastName""), ""Doe"")",Chrome 137.0.7151.70,,,12-06-2025 18:34:21,12-06-2025 18:34:22,0.694s,PASSED
"setText(findTestObject(""Object Repository/FormSubmit/Input_Email""), ""John@gmail.com"")",Chrome 137.0.7151.70,,,12-06-2025 18:34:22,12-06-2025 18:34:23,0.735s,PASSED
"click(findTestObject(""Object Repository/FormSubmit/radio_Male""))",Chrome 137.0.7151.70,,,12-06-2025 18:34:23,12-06-2025 18:34:23,0.380s,PASSED
"setText(findTestObject(""Object Repository/FormSubmit/Input_Mobile""), ""0812345345"")",Chrome 137.0.7151.70,,,12-06-2025 18:34:23,12-06-2025 18:34:24,0.754s,PASSED
"click(findTestObject(""Object Repository/FormSubmit/Input_Birthday""))",Chrome 137.0.7151.70,,,12-06-2025 18:34:24,12-06-2025 18:34:24,0.464s,PASSED
"sendKeys(findTestObject(""Object Repository/FormSubmit/Input_Birthday""), Keys.chord(CONTROL, ""a""))",Chrome 137.0.7151.70,,,12-06-2025 18:34:24,12-06-2025 18:34:25,0.498s,PASSED
"sendKeys(findTestObject(""Object Repository/FormSubmit/Input_Birthday""), ""1998 January 20"" + ENTER)",Chrome 137.0.7151.70,,,12-06-2025 18:34:25,12-06-2025 18:34:26,0.616s,PASSED
"setText(findTestObject(""Object Repository/FormSubmit/Input_Subject""), ""Computer Science"")",Chrome 137.0.7151.70,,,12-06-2025 18:34:26,12-06-2025 18:34:26,0.805s,PASSED
"sendKeys(findTestObject(""Object Repository/FormSubmit/Input_Subject""), ""Computer Science"" + ENTER)",Chrome 137.0.7151.70,,,12-06-2025 18:34:26,12-06-2025 18:34:27,0.686s,PASSED
"click(findTestObject(""Object Repository/FormSubmit/Checkbox_Music""))",Chrome 137.0.7151.70,,,12-06-2025 18:34:27,12-06-2025 18:34:28,0.644s,PASSED
"click(findTestObject(""Object Repository/FormSubmit/Checkbox_Sports""))",Chrome 137.0.7151.70,,,12-06-2025 18:34:28,12-06-2025 18:34:28,0.486s,PASSED
"click(findTestObject(""Object Repository/FormSubmit/Checkbox_Reading""))",Chrome 137.0.7151.70,,,12-06-2025 18:34:28,12-06-2025 18:34:29,0.411s,PASSED
"filePath = ""C:\Users\ASUS\Downloads\day14.jpeg""",Chrome 137.0.7151.70,,,12-06-2025 18:34:29,12-06-2025 18:34:29,0.003s,PASSED
"uploadFile(findTestObject(""Object Repository/FormSubmit/Input_UploadPicture""), filePath)",Chrome 137.0.7151.70,,,12-06-2025 18:34:29,12-06-2025 18:34:29,0.363s,PASSED
"setText(findTestObject(""Object Repository/FormSubmit/Textarea_Address""), ""Jl.Mawar Sari No 20"")",Chrome 137.0.7151.70,,,12-06-2025 18:34:29,12-06-2025 18:34:30,0.775s,PASSED
"scrollToElement(findTestObject(""Object Repository/FormSubmit/dropdown_State""), 2)",Chrome 137.0.7151.70,,,12-06-2025 18:34:30,12-06-2025 18:34:30,0.337s,PASSED
"click(findTestObject(""Object Repository/FormSubmit/dropdown_State""))",Chrome 137.0.7151.70,,,12-06-2025 18:34:30,12-06-2025 18:34:30,0.433s,PASSED
"click(findTestObject(""Object Repository/FormSubmit/Options_Haryana""))",Chrome 137.0.7151.70,,,12-06-2025 18:34:30,12-06-2025 18:34:31,0.564s,PASSED
"click(findTestObject(""Object Repository/FormSubmit/dropdown_City""))",Chrome 137.0.7151.70,,,12-06-2025 18:34:31,12-06-2025 18:34:32,0.670s,PASSED
"click(findTestObject(""Object Repository/FormSubmit/Options_Panipat""))",Chrome 137.0.7151.70,,,12-06-2025 18:34:32,12-06-2025 18:34:32,0.650s,PASSED
"click(findTestObject(""Object Repository/FormSubmit/button_Submit""))",Chrome 137.0.7151.70,,,12-06-2025 18:34:32,12-06-2025 18:34:33,0.623s,PASSED
"verifyElementPresent(findTestObject(""Object Repository/FormSubmit/modal_Success""), 5)",Chrome 137.0.7151.70,,,12-06-2025 18:34:33,12-06-2025 18:34:34,0.523s,PASSED
closeBrowser(),Chrome 137.0.7151.70,,,12-06-2025 18:34:34,12-06-2025 18:34:34,0.869s,PASSED
,,,,,,,
Test Cases/Positive Case/TC_SubmitSuccess_MultipleSubject,Chrome 137.0.7151.70,,,12-06-2025 18:34:34,12-06-2025 18:35:10,35.121s,PASSED
"openBrowser("""")",Chrome 137.0.7151.70,,,12-06-2025 18:34:35,12-06-2025 18:34:38,2.936s,PASSED
"navigateToUrl(""https://demoqa.com/automation-practice-form"")",Chrome 137.0.7151.70,,,12-06-2025 18:34:38,12-06-2025 18:34:52,14.616s,PASSED
maximizeWindow(),Chrome 137.0.7151.70,,,12-06-2025 18:34:52,12-06-2025 18:34:53,0.420s,PASSED
"scrollToElement(findTestObject(""Object Repository/FormSubmit/Input_firstName""), 3)",Chrome 137.0.7151.70,,,12-06-2025 18:34:53,12-06-2025 18:34:54,0.902s,PASSED
"setText(findTestObject(""Object Repository/FormSubmit/Input_firstName""), ""John"")",Chrome 137.0.7151.70,,,12-06-2025 18:34:54,12-06-2025 18:34:54,0.782s,PASSED
"setText(findTestObject(""Object Repository/FormSubmit/Input_lastName""), ""Doe"")",Chrome 137.0.7151.70,,,12-06-2025 18:34:54,12-06-2025 18:34:55,0.648s,PASSED
"setText(findTestObject(""Object Repository/FormSubmit/Input_Email""), ""John@gmail.com"")",Chrome 137.0.7151.70,,,12-06-2025 18:34:55,12-06-2025 18:34:56,0.811s,PASSED
"click(findTestObject(""Object Repository/FormSubmit/radio_Male""))",Chrome 137.0.7151.70,,,12-06-2025 18:34:56,12-06-2025 18:34:56,0.376s,PASSED
"setText(findTestObject(""Object Repository/FormSubmit/Input_Mobile""), ""0812345345"")",Chrome 137.0.7151.70,,,12-06-2025 18:34:56,12-06-2025 18:34:57,0.758s,PASSED
"click(findTestObject(""Object Repository/FormSubmit/Input_Birthday""))",Chrome 137.0.7151.70,,,12-06-2025 18:34:57,12-06-2025 18:34:58,0.577s,PASSED
"sendKeys(findTestObject(""Object Repository/FormSubmit/Input_Birthday""), Keys.chord(CONTROL, ""a""))",Chrome 137.0.7151.70,,,12-06-2025 18:34:58,12-06-2025 18:34:58,0.455s,PASSED
"sendKeys(findTestObject(""Object Repository/FormSubmit/Input_Birthday""), ""1998 January 20"" + ENTER)",Chrome 137.0.7151.70,,,12-06-2025 18:34:58,12-06-2025 18:34:58,0.515s,PASSED
"setText(findTestObject(""Object Repository/FormSubmit/Input_Subject""), ""English"")",Chrome 137.0.7151.70,,,12-06-2025 18:34:58,12-06-2025 18:34:59,0.925s,PASSED
"sendKeys(findTestObject(""Object Repository/FormSubmit/Input_Subject""), ""English"" + ENTER)",Chrome 137.0.7151.70,,,12-06-2025 18:34:59,12-06-2025 18:35:00,0.645s,PASSED
"setText(findTestObject(""Object Repository/FormSubmit/Input_Subject""), ""Math"")",Chrome 137.0.7151.70,,,12-06-2025 18:35:00,12-06-2025 18:35:01,0.867s,PASSED
"sendKeys(findTestObject(""Object Repository/FormSubmit/Input_Subject""), ""Math"" + ENTER)",Chrome 137.0.7151.70,,,12-06-2025 18:35:01,12-06-2025 18:35:02,0.595s,PASSED
"setText(findTestObject(""Object Repository/FormSubmit/Input_Subject""), ""Computer Science"")",Chrome 137.0.7151.70,,,12-06-2025 18:35:02,12-06-2025 18:35:03,1.024s,PASSED
"sendKeys(findTestObject(""Object Repository/FormSubmit/Input_Subject""), ""Computer Science"" + ENTER)",Chrome 137.0.7151.70,,,12-06-2025 18:35:03,12-06-2025 18:35:03,0.577s,PASSED
"click(findTestObject(""Object Repository/FormSubmit/Checkbox_Reading""))",Chrome 137.0.7151.70,,,12-06-2025 18:35:03,12-06-2025 18:35:04,0.596s,PASSED
"filePath = ""C:\Users\ASUS\Downloads\day14.jpeg""",Chrome 137.0.7151.70,,,12-06-2025 18:35:04,12-06-2025 18:35:04,0.002s,PASSED
"uploadFile(findTestObject(""Object Repository/FormSubmit/Input_UploadPicture""), filePath)",Chrome 137.0.7151.70,,,12-06-2025 18:35:04,12-06-2025 18:35:04,0.298s,PASSED
"setText(findTestObject(""Object Repository/FormSubmit/Textarea_Address""), ""Jl.Mawar Sari No 20"")",Chrome 137.0.7151.70,,,12-06-2025 18:35:04,12-06-2025 18:35:05,0.686s,PASSED
"scrollToElement(findTestObject(""Object Repository/FormSubmit/dropdown_State""), 2)",Chrome 137.0.7151.70,,,12-06-2025 18:35:05,12-06-2025 18:35:05,0.319s,PASSED
"click(findTestObject(""Object Repository/FormSubmit/dropdown_State""))",Chrome 137.0.7151.70,,,12-06-2025 18:35:05,12-06-2025 18:35:05,0.439s,PASSED
"click(findTestObject(""Object Repository/FormSubmit/Options_Haryana""))",Chrome 137.0.7151.70,,,12-06-2025 18:35:05,12-06-2025 18:35:06,0.609s,PASSED
"click(findTestObject(""Object Repository/FormSubmit/dropdown_City""))",Chrome 137.0.7151.70,,,12-06-2025 18:35:06,12-06-2025 18:35:07,0.571s,PASSED
"click(findTestObject(""Object Repository/FormSubmit/Options_Panipat""))",Chrome 137.0.7151.70,,,12-06-2025 18:35:07,12-06-2025 18:35:07,0.616s,PASSED
"click(findTestObject(""Object Repository/FormSubmit/button_Submit""))",Chrome 137.0.7151.70,,,12-06-2025 18:35:07,12-06-2025 18:35:08,0.674s,PASSED
"verifyElementPresent(findTestObject(""Object Repository/FormSubmit/modal_Success""), 5)",Chrome 137.0.7151.70,,,12-06-2025 18:35:08,12-06-2025 18:35:08,0.469s,PASSED
closeBrowser(),Chrome 137.0.7151.70,,,12-06-2025 18:35:08,12-06-2025 18:35:10,1.096s,PASSED
